Date,Asset 01,Asset 02,Asset 03,Asset 04,Asset 05
02-01-20,72.71607208251953,121.47720336914062,153.32327270507812,28.68400001525879,55.13798522949219
03-01-20,72.00912475585938,119.87416076660156,151.41412353515625,29.534000396728516,54.69470215
06-01-20,72.58290100097656,119.77886199951172,151.8054962158203,30.10266685,55.114662170410156
07-01-20,72.24156951904297,117.74253845214844,150.42137145996094,31.270666122436523,54.66358566
08-01-20,73.40367126464844,118.66104888916016,152.81735229492188,32.80933380126953,53.83924865722656
09-01-20,74.96279144,119.09429931640625,154.72645568847656,32.089332580566406,54.25141525268555
10-01-20,75.13227081298828,117.90718841552734,154.01055908203125,31.876667022705078,53.769256591796875
13-01-20,76.73741912841797,118.8863296508789,155.86241149902344,34.990665435791016,54.282527923583984
14-01-20,75.70121765136719,120.27276611328125,154.76466369628906,35.861331939697266,53.815914154052734
15-01-20,75.37679290771484,118.47041320800781,155.7669677734375,34.56666564941406,53.73036575317383
16-01-20,76.32099914550781,118.92964935302734,158.62110900878906,34.23266602,53.520381927490234
17-01-20,77.16594696044922,119.75284576416016,159.50885009765625,34.03333282470703,53.31819152832031
21-01-20,76.64299774169922,118.57437896728516,158.93614196777344,36.47999954223633,52.55606460571289
22-01-20,76.91657257080078,118.43575286865234,158.1724853515625,37.97066879272461,52.25275802612305
23-01-20,77.28701782226562,118.3144302368164,159.14617919921875,38.14666748046875,51.92612838745117
24-01-20,77.06425476074219,115.3769531,157.5424805,37.654666900634766,51.57617188
27-01-20,74.79817199707031,114.40642547607422,154.9078369140625,37.201332092285156,50.34742355
28-01-20,76.91415405273438,116.486084,157.94342041015625,37.793331146240234,50.27743911743164
29-01-20,78.52413940429688,116.31277465820312,160.4061737060547,38.73266602,49.857486724853516
30-01-20,78.41034698486328,117.75117492675781,164.9308624267578,42.72066879272461,50.386314392089844
31-01-20,74.93376159667969,114.6923599243164,162.4967041015625,43.371334075927734,48.30988311767578
03-02-20,74.72795867919922,115.56757354736328,166.45819091796875,52,47.22890853881836
04-02-20,77.19500732421875,117.23130798339844,171.93740844726562,59.137332916259766,46.63786697387695
05-02-20,77.82448578,119.22427368164062,171.72738647460938,48.97999954223633,48.78427505493164
06-02-20,78.73477172851562,119.24163055419922,175.28794860839844,49.930667877197266,48.12324142456055
07-02-20,77.66456604003906,118.86033630371094,175.5361328,49.871334075927734,47.804386138916016
10-02-20,78.03343200683594,119.35425567626953,180.1276397705078,51.41866683959961,47.299530029296875
11-02-20,77.56262969970703,119.57954406738281,176.06117248535156,51.62533187866211,47.74917984008789
12-02-20,79.40457916259766,119.57954406738281,176.31890869140625,51.15266799926758,48.33292007446289
13-02-20,78.83911895751953,119.4755859,175.36431884765625,53.599998474121094,48.064720153808594
14-02-20,78.85855102539062,119.11162567138672,176.92979431152344,53.33533477783203,47.84383773803711
18-02-20,77.41461181640625,117.5345458984375,178.7244415283203,57.22666549682617,47.236412048339844
19-02-20,78.53578949,119.13764953613281,179.2604217529297,61.16133117675781,47.599300384521484
20-02-20,77.73007965,119.13764953613281,176.5228729248047,59.96066665649414,47.22064208984375
21-02-20,75.97067260742188,117.6818618774414,170.94256591796875,60.06666564941406,46.64478302001953
24-02-20,72.36203002929688,114.51908874511719,163.5722656,55.58599853515625,44.45966720581055
25-02-20,69.91098022460938,109.40663146972656,160.87301635742188,53.32733154296875,42.75574875
26-02-20,71.02001190185547,109.73589324951172,162.88308715820312,51.91999816894531,41.81700516
27-02-20,66.37755584716797,105.16934204101562,151.4065399169922,45.266666412353516,39.30057907104492
28-02-20,66.33872985839844,100.61145782470703,155.07254028320312,44.53266525268555,40.57851791381836
02-03-20,72.51491547,105.29932403564453,165.39093017578125,49.574668884277344,42.503318786621094
03-03-20,70.21189117,101.34800720214844,157.46548461914062,49.70066833496094,40.468074798583984
04-03-20,73.46865082,103.85223388671875,163.2468262,49.96666717529297,41.35158920288086
05-03-20,71.08554077148438,98.75710297,159.15008544921875,48.30266571044922,39.52934646606445
06-03-20,70.14151763916016,93.65331268310547,154.6513672,46.89866638183594,37.620323181152344
09-03-20,64.59385681152344,80.96747589111328,144.1702423095703,40.53333282470703,33.02131652832031
10-03-20,69.24602508544922,87.25840759277344,154.02919006347656,43.02199935913086,34.24403762817383
11-03-20,66.84108734,83.15110016,147.05136108398438,42.28200149536133,33.11598205566406
12-03-20,60.240211486816406,76.29694366455078,133.10523986816406,37.369998931884766,29.32949447631836
13-03-20,67.45748901367188,90.03993225097656,152.02870178222656,36.44133377075195,30.071014404296875
16-03-20,58.77928924560547,76.56558227539062,129.62115478515625,29.67133331298828,27.207489013671875
17-03-20,61.363826751708984,81.24476623535156,140.29371643066406,28.68000030517578,29.037616729736328
18-03-20,59.86164093017578,72.69224548339844,134.3878936767578,24.08133316040039,26.126760482788086
19-03-20,59.40296936035156,73.91402435302734,136.59898376464844,28.50933265686035,27.16015625
20-03-20,55.63174057006836,72.35427094,131.4685516357422,28.50200080871582,25.82699203491211
23-03-20,54.449886322021484,68.48096466064453,130.15719604492188,28.952667236328125,24.809375762939453
24-03-20,59.912601470947266,76.62624359,141.98789978027344,33.66666793823242,27.956886291503906
25-03-20,59.582557678222656,79.48573303222656,140.62867736816406,35.95000076293945,29.416269302368164
26-03-20,62.717960357666016,85.02280426,149.42518615722656,35.21066665649414,30.623205184936523
27-03-20,60.12129592895508,78.96582031,143.28964233398438,34.29066848754883,29.148054122924805
30-03-20,61.837039947509766,81.01947784423828,153.3687286376953,33.47533416748047,29.58193016052246
31-03-20,61.710845947265625,78.01265716552734,150.95663452148438,34.93333435058594,29.952686309814453
01-04-20,58.46380615234375,73.09950256347656,145.5964355,32.104000091552734,29.60559654
02-04-20,59.43937301635742,75.82904052734375,148.6115723,30.29800033569336,31.869604110717773
03-04-20,58.58514404296875,73.58769226074219,147.24278259277344,32.000667572021484,30.930858612060547
06-04-20,63.69595718383789,78.32427978515625,158.1929168701172,34.41600036621094,31.924816131591797
07-04-20,62.95822525024414,79.35736846923828,156.48915100097656,36.36333465576172,32.532230377197266
08-04-20,64.56961822509766,82.56180572509766,158.05889892578125,36.589332580566406,34.59113311767578
09-04-20,65.03556060791016,89.96873474121094,158.0685272216797,38.20000076293945,34.023162841796875
13-04-20,66.31203461,85.96759033203125,158.42263793945312,43.39666748046875,33.731292724609375
14-04-20,69.66101837158203,83.61243438720703,166.26193237304688,47.32600021362305,33.470970153808594
15-04-20,69.02519989013672,79.48872375488281,164.51986694335938,48.65533447265625,31.932706832885742
16-04-20,69.57364654541016,76.45941925048828,169.45895385742188,49.680667877197266,30.883527755737305
17-04-20,68.62962341308594,83.33224487304688,170.95211791992188,50.259334564208984,34.094154357910156
20-04-20,67.20510864257812,80.29418945,167.5637207,49.75733184814453,32.48490524291992
21-04-20,65.12776184082031,77.96533203,160.63375854492188,45.781333923339844,32.31135559082031
22-04-20,67.003685,78.21920776367188,166.0896759033203,48.807334899902344,33.234310150146484
23-04-20,66.74400329589844,78.26296997070312,164.07955932617188,47.04199981689453,34.27558898925781
24-04-20,68.67087555,79.41867065429688,167.07554626464844,48.34333419799805,34.49647141
27-04-20,68.71942138671875,82.84197998046875,166.59695434570312,53.25,34.662139892578125
28-04-20,67.60552215576172,83.42858123779297,162.5385284423828,51.27466583251953,35.474639892578125
29-04-20,69.82605743408203,85.67867279052734,169.83218383789062,53.367332458496094,37.43888854980469
30-04-20,71.29911041259766,83.84008026123047,171.53598022460938,52.12533187866211,36.657928466796875
01-05-20,70.15122223,81.64250183105469,167.09471130371094,46.75466537475586,34.03104782104492
04-05-20,71.14377594,80.67067719,171.1818084716797,50.74599838256836,35.403648376464844
05-05-20,72.21157074,80.5480957,173.01962280273438,51.2140007,35.36420822143555
06-05-20,72.95658874511719,79.03345489501953,174.7233887,52.172000885009766,34.701576232910156
07-05-20,73.71131896972656,79.85644531,175.73802185058594,52.00266647338867,34.89878845214844
08-05-20,75.46578979492188,81.16096496582031,176.77174377441406,54.62799835205078,36.42915725708008
11-05-20,76.65325164794922,78.77079772949219,178.74356079101562,54.08599853515625,36.08206558227539
12-05-20,75.77725219726562,76.19676208496094,174.6946563720703,53.96066665649414,35.47895050048828
13-05-20,74.86228942871094,73.57018280029297,172.05287170410156,52.73066711425781,33.71786117553711
14-05-20,75.32221221923828,76.62574768066406,172.79946899414062,53.55533218383789,34.015403747558594
15-05-20,74.87691497802734,75.20741271972656,175.31683349609375,53.27799987792969,33.77415466308594
18-05-20,76.64109039,79.19103240966797,176.99191284179688,54.242000579833984,36.46001052856445
19-05-20,76.19822692871094,77.63259887695312,175.7667236328125,53.867332458496094,35.33420944213867
20-05-20,77.68014526367188,79.96150970458984,178.20474243164062,54.37066650390625,36.484134674072266
21-05-20,77.10099029541016,78.94589996,176.0642547607422,55.17333221435547,35.83277512
22-05-20,77.59741211,78.3330307,176.14105224609375,54.45866775512695,35.86493682861328
26-05-20,77.07180023,83.89261627197266,174.2790069580078,54.591331481933594,36.918373107910156
27-05-20,77.40760040283203,88.75176239013672,174.50933837890625,54.68199920654297,37.183746337890625
28-05-20,77.44166564941406,87.42971801757812,174.11578369140625,53.72066879272461,36.218772888183594
29-05-20,77.36624908447266,85.19713592529297,175.89151000976562,55.66666793823242,36.56455612182617
01-06-20,78.31767272949219,86.32656097,175.48838806152344,59.87333297729492,37.21590805053711
02-06-20,78.68023681640625,86.61547852,177.4848633,58.770668029785156,38.044193267822266
03-06-20,79.11338043,91.29077148,177.91677856445312,58.86399841308594,39.596187591552734
04-06-20,78.43206024169922,93.19065856933594,175.57476806640625,57.62533187866211,39.48360061645508
05-06-20,80.66586303710938,97.38439941,179.68292236328125,59.04399871826172,42.684112548828125
08-06-20,81.14279938,99.32805633544922,180.7963104248047,63.327999114990234,44.01898956298828
09-06-20,83.70513153076172,96.78028869628906,182.17849731445312,62.711334228515625,43.03792953491211
10-06-20,85.85866547,92.85793304,188.935791,68.33666992,40.73002624511719
11-06-20,81.73653411865234,85.10957336425781,178.79025268554688,64.85600280761719,37.13549805
12-06-20,82.44220733642578,87.43846893310547,180.2012176513672,62.35200119018555,37.931610107421875
15-06-20,83.46179199,88.64667510986328,181.35301208496094,66.05999755859375,37.90747833251953
16-06-20,85.67371368408203,89.35585785,185.79708862304688,65.47533416748047,38.75986862182617
17-06-20,85.55449676513672,87.09701538085938,186.44020080566406,66.11933135986328,37.497352600097656
18-06-20,85.58856201171875,86.62422943115234,188.4366912841797,66.93066406,37.73056411743164
19-06-20,85.09945678710938,85.63486481,187.3137207,66.72666931152344,36.974666595458984
22-06-20,87.32597351074219,84.70684051513672,192.51602172851562,66.28800201416016,37.32848358154297
23-06-20,89.18992614746094,85.73994445800781,193.8022003173828,66.78533172607422,37.553653717041016
24-06-20,87.61553955078125,82.87699890136719,189.89564514160156,64.05666351,35.78453445
25-06-20,88.77867889404297,85.76622772216797,192.2952423095703,65.73200225830078,36.323307037353516
26-06-20,86.05089569091797,81.06466674804688,188.44630432128906,63.98266602,35.076881408691406
29-06-20,88.03406524658203,81.42361450195312,190.4715118408203,67.29000091552734,35.63978195
30-06-20,88.76895904541016,82.35166931152344,195.33795166015625,71.98733520507812,35.96144104003906
01-07-20,88.60105133,81.65126801,196.4801483154297,74.64199829101562,35.149253845214844
02-07-20,88.60105133,81.91648864746094,197.97750854492188,80.57733154296875,35.44678497314453
06-07-20,90.97113800048828,83.98517608642578,202.23922729492188,91.43866729736328,35.69606399536133
07-07-20,90.68887329101562,81.61589813232422,199.88763427734375,92.65733337402344,34.771297454833984
08-07-20,92.80103302001953,82.48228454589844,204.2837371826172,91.05867004394531,34.69089126586914
09-07-20,93.20011138916016,80.69647216796875,205.71389770507812,92.95200348,33.25951004
10-07-20,93.36313629,85.10791778564453,205.08999633789062,102.97666931152344,34.29685592651367
13-07-20,92.93242645263672,86.32791137695312,198.7550048828125,99.80400085449219,34.304901123046875
14-07-20,94.47032928466797,86.82297516,199.98362731933594,101.12000274658203,35.438743591308594
15-07-20,95.12001037597656,88.16674041748047,199.68605041503906,103.06732940673828,35.889076232910156
16-07-20,93.94958496,88.41428375,195.7314910888672,100.04266357421875,35.60761642456055
17-07-20,93.75977325439453,86.77877807617188,194.73326110839844,100.05599975585938,34.996463775634766
20-07-20,95.73565673828125,86.01848602294922,203.1031036376953,109.53333282470703,34.17622756958008
21-07-20,94.41436004638672,87.88385772705078,200.36752319335938,104.55733489990234,35.90515137
22-07-20,94.67958832,87.24731445,203.2470703,106.15533447265625,35.06883621
23-07-20,90.37010192871094,87.503685,194.40689086914062,100.87133026123047,35.141212463378906
24-07-20,90.14624786376953,86.88486481,193.21670532226562,94.46666717529297,34.92409896850586
27-07-20,92.28272247314453,85.66487884521484,195.66433715820312,102.63999938964844,35.438743591308594
28-07-20,90.76672363,86.03616333007812,193.9077911376953,98.43267059326172,35.02059555053711
29-07-20,92.5065918,88.12254333496094,195.8658905029297,99.94066619873047,35.406578063964844
30-07-20,93.62593841552734,85.77095031738281,195.71231079101562,99.16600036621094,33.66962814331055
31-07-20,103.42750549316406,85.43501281738281,196.77772521972656,95.38400268554688,33.83849334716797
03-08-20,106.03364562988281,84.95761871,207.84474182128906,99,33.97519302368164
04-08-20,106.74175262451172,84.47138977050781,204.72523498535156,99.13333129882812,34.95625686645508
05-08-20,107.12864685058594,85.93891906738281,204.38926696777344,99.00133514404297,35.26183319091797
06-08-20,110.86628723144531,85.9654541,207.6623535,99.30533599853516,35.09296417236328
07-08-20,108.34567260742188,87.85732269,203.94776916503906,96.84733581542969,34.93212891
10-08-20,109.92044830322266,88.97124481201172,199.88763427734375,94.57133483886719,35.792572021484375
11-08-20,106.65142059326172,91.78251647949219,195.21316528320312,91.62599945,36.162479400634766
12-08-20,110.1958999633789,91.00455474853516,200.7898712158203,103.65066528320312,36.15427780151367
13-08-20,112.14608764648438,90.50064849853516,200.3195343017578,108.06666564941406,35.26866531
14-08-20,112.0461654663086,90.53601837158203,200.51153564453125,110.04733276367188,35.424468994140625
17-08-20,111.75363159179688,88.14905548095703,201.8361358642578,122.3759994506836,34.96526336669922
18-08-20,112.68485260009766,86.92021942138672,202.99754333496094,125.80599975585938,34.79306411743164
19-08-20,112.82623291015625,87.12355804,201.76597595214844,125.23533630371094,34.40764617919922
20-08-20,115.32980346679688,86.08037567138672,206.46133422851562,133.45533752441406,33.882843017578125
21-08-20,121.27302551269531,86.03616333007812,204.96035766601562,136.6653289794922,33.62864303588867
24-08-20,122.72349548339844,88.45847321,205.6049805,134.27999877929688,34.62086486816406
25-08-20,121.7166976928711,88.84746551513672,208.2798309326172,134.8893280029297,33.522037506103516
26-08-20,123.37193298339844,87.60093688964844,212.7827148,143.54466247558594,32.808631896972656
27-08-20,121.89707946777344,90.48296356201172,218.0073242,149.25,32.58723068237305
28-08-20,121.69965362548828,90.85424041748047,220.2491455078125,147.55999755859375,33.366241455078125
31-08-20,125.82675170898438,88.57341003417969,216.99700927734375,166.10667419433594,32.75123215
01-09-20,130.8387451171875,88.52919006347656,218.6712188720703,158.35000610351562,32.333030700683594
02-09-20,128.1279754638672,89.86413574,222.88546752929688,149.1233367919922,32.13622283935547
03-09-20,117.86994171142578,89.58122253417969,209.07839965820312,135.6666717529297,32.070621490478516
04-09-20,117.94795227050781,91.51730346679688,206.14382934570312,139.44000244140625,32.04602813720703
08-09-20,110.01063537597656,88.3347168,194.9923553466797,110.06999969482422,31.30801010131836
09-09-20,114.3985824584961,89.17456817626953,203.29579162597656,122.09333038330078,31.11940574645996
10-09-20,110.66394805908203,88.25515747070312,197.5997314453125,123.77999877929688,30.340404510498047
11-09-20,109.2110595703125,89.35136413574219,196.31051635742188,124.23999786376953,30.258411407470703
14-09-20,112.48739624023438,90.58905029296875,197.63829040527344,139.8733367919922,30.061601638793945
15-09-20,112.66291809082031,87.76893615722656,200.88076782226562,149.9199981689453,29.741796493530273
16-09-20,109.33781433105469,88.14022827148438,197.2919158935547,147.25332641601562,31.004610061645508
17-09-20,107.59239959716797,87.13239288330078,195.2328643798828,141.14332580566406,30.996400833129883
18-09-20,104.17953491210938,86.94673919677734,192.80821228027344,147.38333129882812,30.49620819091797
21-09-20,107.3388672,84.25920867919922,194.8768768310547,149.79666137695312,29.872995376586914
22-09-20,109.02578735351562,83.33980560302734,199.5721893310547,141.41000366210938,29.13498306274414
23-09-20,104.45256805419922,81.98719787597656,193.0006561279297,126.78666687011719,28.200172424316406
24-09-20,105.52519226074219,81.91648864746094,195.5022430419922,129.26333618164062,28.142772674560547
25-09-20,109.48409271240234,82.63255310058594,199.9571075439453,135.77999877929688,28.405174255371094
28-09-20,112.09735107421875,85.01067352294922,201.51576232910156,140.39999389648438,28.954586029052734
29-09-20,111.24901580810547,84.29459381103516,199.41824340820312,139.69000244140625,28.109970092773438
30-09-20,112.92617797851562,85.10791778564453,202.37213134765625,143.00332641601562,28.150972366333008
01-10-20,113.88177490234375,85.72674560546875,204.42156982421875,149.3866729736328,27.166954040527344
02-10-20,110.20565795898438,86.54006958007812,198.38873291015625,138.3633270263672,27.043956756591797
05-10-20,113.59901428222656,88.36919403076172,202.42025756835938,141.89332580566406,27.667165756225586
06-10-20,110.34217834472656,87.45909881591797,198.11932373046875,137.9933319091797,27.380159378051758
07-10-20,112.2143783569336,88.98487091064453,201.8910369873047,141.76666259765625,27.47036361694336
08-10-20,112.10710906982422,90.81398773,202.6126708984375,141.97332763671875,28.91357422
09-10-20,114.05730438232422,90.29649353027344,207.6447754,144.6666717529297,28.4871769
12-10-20,121.30228424072266,91.40288543701172,213.02330017089844,147.43333435058594,28.396974563598633
13-10-20,118.08446502685547,89.92174530029297,214.42808532714844,148.88333129882812,28.06077003479004
14-10-20,118.1722183227539,89.42208099365234,212.50372314453125,153.76666259765625,28.00337028503418
15-10-20,117.70417022705078,90.76046752929688,211.34910583496094,149.6266632080078,28.24937629699707
16-10-20,116.0562515258789,90.57308959960938,211.34910583496094,146.55667114257812,27.962369918823242
19-10-20,113.09195709228516,89.04734039,206.11495971679688,143.61000061035156,27.404760360717773
20-10-20,114.58385467529297,89.55592346191406,206.52867126464844,140.64666748046875,27.634366989135742
21-10-20,113.95980072021484,88.66366577148438,206.67298889160156,140.8800048828125,27.191556930541992
22-10-20,112.8676758,91.79547882080078,206.7595672607422,141.92999267578125,28.58557701
23-10-20,112.17536926269531,92.62528228759766,208.0488739013672,140.2100067138672,28.011571884155273
26-10-20,112.18511199951172,90.33219146728516,202.13157653808594,140.0933380126953,27.347360610961914
27-10-20,113.69652557373047,88.62797546386719,205.18165588378906,141.55999755859375,26.91275405883789
28-10-20,108.43097686767578,86.13857269,195.0115509033203,135.33999633789062,25.887739181518555
29-10-20,112.44837951660156,86.70068359,196.9743652,136.94332885742188,27.035762786865234
30-10-20,106.1492691040039,87.4769516,194.8094940185547,129.34666442871094,26.748746871948242
02-11-20,106.06148529052734,89.44883728027344,194.67478942871094,133.50332641601562,27.87217140197754
03-11-20,107.68991088867188,92.26838684082031,198.6196746826172,141.3000030517578,27.396562576293945
04-11-20,112.08760070800781,89.44883728027344,208.20281982421875,140.3266602,27.248960494995117
05-11-20,116.06599426269531,93.10710144042969,214.84178161621094,146.02999877929688,27.199758529663086
06-11-20,115.93413543701172,91.86685943603516,215.25550842285156,143.31666564941406,26.879953384399414
09-11-20,113.61917114257812,104.30494689941406,210.12718200683594,140.4199981689453,30.283000946044922
10-11-20,113.27728271484375,103.96587371826172,203.02639770507812,136.7866668701172,30.954837799072266
11-11-20,116.7155762,102.41334533691406,208.3567657470703,139.0433349609375,30.635713577270508
12-11-20,116.44207763671875,101.15526580810547,207.28880310058594,137.25332641601562,29.58597183227539
13-11-20,116.49089813232422,101.78878021240234,208.31829833984375,136.1666717529297,30.299793243408203
16-11-20,117.50675964355469,104.6618423461914,209.01107788085938,136.02999877929688,32.04656219482422
17-11-20,116.61788940429688,103.60006713867188,206.34588623046875,147.20333862304688,32.47486114501953
18-11-20,115.28945922851562,102.83271026611328,203.62545776367188,162.2133331298828,31.248767852783203
19-11-20,115.88529968261719,103.10929870605469,204.91810607910156,166.4233398,31.408327102661133
20-11-20,114.61548614501953,102.22598266601562,202.9598388671875,163.20333862304688,31.022018432617188
23-11-20,111.2065200805664,105.17042541503906,202.6896973,173.9499969482422,33.054325103759766
24-11-20,112.49586486816406,110.03324127197266,206.30728149414062,185.1266632080078,35.254581451416016
25-11-20,113.33589935302734,108.88220977783203,206.31692504882812,191.3333282470703,34.27203369140625
27-11-20,113.88288116455078,108.15950012207031,207.6288604736328,195.25332641601562,33.75135422
30-11-20,116.2857894897461,105.1793441772461,206.50987243652344,189.1999969482422,32.02137756347656
01-12-20,119.87056732177734,106.83895111083984,208.5742645263672,194.9199981689453,32.33209991455078
02-12-20,120.22219848632812,108.8911361694336,207.76397705078125,189.60667419433594,33.541404724121094
03-12-20,120.08546447753906,108.17733001708984,206.6738281,197.7933349609375,33.76814270019531
04-12-20,119.41149139404297,109.1588134765625,206.7896270751953,199.67999267578125,35.00264358520508
07-12-20,120.87664794921875,108.74836730957031,206.72207641601562,213.9199981689453,34.34760665893555
08-12-20,121.49202728271484,108.85545349121094,208.38133239746094,216.6266632080078,35.472938537597656
09-12-20,118.9523926,108.00780487060547,204.3200225830078,201.4933319091797,35.94322204589844
10-12-20,120.37849426269531,107.31183624267578,203.08523559570312,209.02333068847656,36.95936965942383
11-12-20,119.56777954101562,106.6783447265625,205.7284698486328,203.3300018310547,36.783016204833984
14-12-20,118.9523926,105.55411529541016,206.6352539,213.27667236328125,35.45614242553711
15-12-20,124.9107666015625,107.3564453,206.56773376464844,211.0833282470703,36.14476776123047
16-12-20,124.8423843383789,107.66874694824219,211.53587341308594,207.58999633789062,36.699031829833984
17-12-20,125.71170806884766,106.77648162841797,211.6708984,218.63333129882812,36.51427078
18-12-20,123.71910095214844,106.25007629394531,210.87020874023438,231.6666717529297,35.884429931640625
21-12-20,125.25262451171875,110.23845672607422,214.72897338867188,216.6199951171875,35.22938919067383
22-12-20,128.81785583496094,108.56100463867188,216.0312957763672,213.44667053222656,34.63313674926758
23-12-20,127.91924285888672,111.59467315673828,213.2144012451172,215.3266602,35.07823181152344
24-12-20,128.90579223632812,111.10392761230469,214.88328552246094,220.58999633789062,34.93545913696289
28-12-20,133.5161895751953,111.83557891845703,217.01528930664062,221.22999572753906,35.05303192138672
29-12-20,131.7384796142578,111.54115295410156,216.23387145996094,221.99667358398438,34.65834045410156
30-12-20,130.6151580810547,111.85343170166016,213.85108947753906,231.5933380126953,34.93545913696289
31-12-20,129.60906982421875,113.37918853759766,214.56497192382812,235.22332763671875,34.61634826660156
04-01-21,126.40523529052734,112.30850219726562,210.00201416015625,243.2566680908203,34.85148239135742
05-01-21,127.96807861328125,112.9195785522461,210.2045898,245.0366668701172,36.53107452392578
06-01-21,123.66046142578125,118.2218246459961,204.75411987304688,251.9933319091797,37.46324920654297
07-01-21,127.88016510009766,122.1041488647461,210.58084106445312,272.0133361816406,37.75716781616211
08-01-21,128.98391723632812,122.23895263671875,211.8638458251953,293.3399963378906,38.17706298828125
11-01-21,125.9852066040039,124.0632553100586,209.80909729003906,270.39666748046875,39.33598709106445
12-01-21,125.80937957763672,126.01337432861328,207.33949279785156,283.14666748046875,40.20937728881836
13-01-21,127.85089874267578,126.13026428222656,208.69967651367188,284.8033447265625,40.66286087036133
14-01-21,125.9168472290039,126.86714172363281,205.49693298339844,281.6666564941406,42.25008010864258
15-01-21,124.18793487548828,124.59351348876953,205.13999938964844,275.38665771484375,40.21777344
19-01-21,124.86192321777344,124.05427551269531,208.79615783691406,281.51666259765625,41.01558303833008
20-01-21,128.96437072753906,122.19400787353516,216.41717529296875,283.48333740234375,41.595035552978516
21-01-21,133.6920166015625,121.16950225830078,217.0249023,281.6633301,40.40252685546875
22-01-21,135.8409423828125,120.23487091064453,217.97032165527344,282.21331787109375,39.83147048950195
25-01-21,139.60153198242188,118.73406219482422,221.42384338378906,293.6000061035156,39.38636779785156
26-01-21,139.8359832763672,118.2487793,224.125,294.36334228515625,38.52138900756836
27-01-21,138.7615203857422,114.90568542480469,224.67483520507812,288.0533447265625,38.084686279296875
28-01-21,133.90692138671875,116.9277344,230.49192810058594,278.4766540527344,38.680946350097656
29-01-21,128.8960418701172,115.63363647460938,223.76805114746094,264.5100098,37.656394958496094
01-02-21,131.02542114257812,116.48738098144531,231.1864471435547,279.9366760253906,37.72358322143555
02-02-21,131.85565185546875,120.07310485839844,231.0513916015625,290.92999267578125,38.31983184814453
03-02-21,130.83009338378906,121.4480972290039,234.4181671142578,284.89666748046875,39.82306671142578
04-02-21,134.1999512,124.2430191040039,233.46311950683594,283.3299865722656,40.587284088134766
05-02-21,133.78419494628906,124.00035858154297,233.6464385986328,284.0766602,41.947750091552734
08-02-21,133.93093872070312,125.94152069091797,233.90689086914062,287.8066711425781,43.75330734
09-02-21,133.05050659179688,125.43826293945312,235.1609344482422,283.1533203,43.24087905883789
10-02-21,132.44398498535156,125.51016235351562,234.2445526123047,268.2733459472656,43.65936279296875
11-02-21,132.18966674804688,125.15965270996094,235.8555450439453,270.5533447265625,42.56616973876953
12-02-21,132.42442321777344,126.93903350830078,236.3378906,272.0400085449219,43.14692306518555
16-02-21,130.29190063476562,129.9945831298828,235.0934600830078,265.40667724609375,44.445098876953125
17-02-21,127.99298858642578,130.39898681640625,236.1183319091797,266.04998779296875,45.13688278198242
18-02-21,126.88758850097656,130.8393555,235.7219238,262.4599914550781,44.42800521850586
19-02-21,127.04409790039062,133.0231475830078,232.99525451660156,260.4333190917969,44.726932525634766
22-02-21,123.2583236694336,134.27235412597656,226.74905395507812,238.1666717529297,46.37525939941406
23-02-21,123.12137603759766,135.35073852539062,225.55006408691406,232.94667053222656,47.015811920166016
24-02-21,122.62248229980469,137.7322540283203,226.7877197265625,247.33999633789062,48.42499923706055
25-02-21,118.35733032226562,135.86297607421875,221.41172790527344,227.4066619873047,47.62218475341797
26-02-21,118.6214599609375,132.2592315673828,224.6895294189453,225.1666717529297,46.43505096435547
01-03-21,125.00936126708984,135.2518768310547,229.0986328,239.47666931152344,48.168785095214844
02-03-21,122.39746856689453,134.81150817871094,226.13026428222656,228.81333923339844,47.886940002441406
03-03-21,119.40406036376953,137.41770935058594,220.02903747558594,217.73333740234375,48.271270751953125
04-03-21,117.51605224609375,135.30581665039062,219.22650146484375,207.14666748046875,50.14164352416992
05-03-21,118.7779769897461,135.6203155517578,223.93531799316406,199.31666564941406,52.03765869140625
08-03-21,113.82807922363281,137.41770935058594,219.86465454101562,187.6666717529297,51.98640823364258
09-03-21,118.45513916015625,136.44711303710938,226.0432129,224.52667236328125,51.18359375
10-03-21,117.36931610107422,139.4127960205078,224.72821044921875,222.68666076660156,52.755062103271484
11-03-21,119.30622863769531,138.68487548828125,229.2823028564453,233.1999969482422,52.36219024658203
12-03-21,118.3964844,140.32943725585938,227.947998,231.2433319091797,52.92586898803711
15-03-21,121.29206085205078,139.62844848632812,227.03907775878906,235.97999572753906,51.57646560668945
16-03-21,122.8376693725586,137.95689392089844,229.84312438964844,225.6266632080078,50.483272552490234
17-03-21,122.0453109741211,139.37684631347656,229.19528198242188,233.93666076660156,50.70532989501953
18-03-21,117.90733337402344,141.67747497558594,223.08444213867188,217.72000122070312,48.518943786621094
19-03-21,117.37908935546875,139.42178344726562,222.7267303466797,218.2899932861328,48.245643615722656
22-03-21,120.70510864257812,135.67428588867188,228.18006896972656,223.3333282470703,47.75028991699219
23-03-21,119.87359619140625,134.31723022460938,229.71743774414062,220.72000122070312,47.1609993
24-03-21,117.4769287109375,135.3596954345703,227.66763305664062,210.08999633789062,48.11753845214844
25-03-21,117.96601867675781,137.09417724609375,224.6508026123047,213.4633331298828,47.98088836669922
26-03-21,118.57254791259766,139.37684631347656,228.6538543701172,206.23666381835938,49.287593841552734
29-03-21,118.74864959716797,137.2110137939453,227.45486450195312,203.76333618164062,49.02283477783203
30-03-21,117.29106903076172,138.82864379882812,224.17706298828125,211.8733367919922,48.41645812988281
31-03-21,119.49209594726562,136.8065948486328,227.9673309326172,222.64332580566406,47.68197250366211
01-04-21,120.32359313964844,138.13668823242188,234.32955932617188,220.5833282470703,49.01429367
05-04-21,123.1604995727539,138.8688965,240.82717895507812,230.35000610351562,48.25418472290039
06-04-21,123.4637451171875,137.89256286621094,239.65719604492188,230.5399932861328,48.11753845214844
07-04-21,125.11698150634766,140.05308532714844,241.6297149658203,223.6566619873047,48.33104324
08-04-21,127.5234375,140.22483825683594,244.8688507080078,227.93333435058594,47.82715606689453
09-04-21,130.1060028076172,141.27345275878906,247.38282775878906,225.6733398,47.716129302978516
12-04-21,128.38429260253906,140.97515869140625,247.4407958984375,233.9933319091797,47.40011978149414
13-04-21,131.50486755371094,139.29371643066406,249.93544006347656,254.10667419433594,47.57947922
14-04-21,129.15708923339844,136.69029235839844,247.13140869140625,244.0766602,48.95451354980469
15-04-21,131.57334899902344,137.55812072753906,250.91204833984375,246.28334045410156,48.66413879394531
16-04-21,131.24075317382812,138.57960510253906,252.11094665527344,246.5933380126953,48.39083480834961
19-04-21,131.9059600830078,137.9919891357422,250.17713928222656,238.2100067138672,48.23710250854492
20-04-21,130.213623,134.9365692138672,249.7130889892578,239.6633301,47.22077178955078
21-04-21,130.59515380859375,136.08462524414062,251.95628356933594,248.0399932861328,47.82715606689453
22-04-21,129.06907653808594,133.2190399169922,248.65911865234375,239.89666748046875,47.20370101928711
23-04-21,131.39727783203125,135.7682342529297,252.5073699951172,243.13333129882812,47.45991134643555
26-04-21,131.7885742,136.10272216796875,252.89419555664062,246.06666564941406,47.553863525390625
27-04-21,131.4657745361328,136.7264404296875,253.30030822753906,234.9133301,48.17732238769531
28-04-21,130.67340087890625,137.6123504638672,246.13546752929688,231.46665954589844,49.62921905517578
29-04-21,130.57559204101562,140.2881317138672,244.15333557128906,225.6666717529297,50.33808517456055
30-04-21,128.59954833984375,139.0406494140625,243.83425903320312,236.47999572753906,48.88618850708008
03-05-21,129.65602111816406,138.6338653564453,243.5248565673828,228.3000030517578,50.235599517822266
04-05-21,125.06806182861328,140.5502471923828,239.58953857421875,224.53334045410156,50.55160140991211
05-05-21,125.3126449584961,142.39437866210938,238.3132324,223.64666748046875,52.07182693481445
06-05-21,126.91694641113281,145.25999450683594,241.46531677246094,221.17999267578125,52.567169189453125
07-05-21,127.59309387207031,145.75718688964844,244.10496520996094,224.1233367919922,53.31873703
10-05-21,124.30062103271484,145.73910522460938,238.9997100830078,209.67999267578125,53.44685745239258
11-05-21,123.3794937133789,143.31643676757812,238.08120727539062,205.73333740234375,51.74728775024414
12-05-21,120.30259704589844,142.33111572265625,231.09048461914062,196.6300048828125,52.024559020996094
13-05-21,122.4583969116211,145.99221801757812,234.98709106445312,190.56333923339844,51.38335037231445
14-05-21,124.88853454589844,148.26116943359375,239.9376220703125,196.5800018310547,52.65710449
17-05-21,123.73224639892578,148.8578338623047,237.065918,192.27667236328125,53.88752746582031
18-05-21,122.3407974243164,146.76060485839844,235.03543090820312,192.6233367919922,52.362483978271484
19-05-21,122.18402862548828,145.63963317871094,235.6168975830078,187.82000732421875,51.10607147216797
20-05-21,124.75135040283203,145.3865509033203,238.87319946289062,195.5933380126953,50.98475646972656
21-05-21,122.90913391113281,147.04080200195312,237.6036376953125,193.6266632080078,51.054073333740234
24-05-21,124.54558563232422,147.83633422851562,243.04046630859375,202.14666748046875,51.65196609
25-05-21,124.3496094,146.30860900878906,243.95152282714844,201.56333923339844,50.48218536376953
26-05-21,124.30062103271484,146.29051208496094,243.7285919189453,206.3766632080078,51.071407318115234
27-05-21,122.76216125488281,148.56857299804688,241.6158447265625,210.28334045410156,50.74215316772461
28-05-21,122.10562133789062,148.46913146972656,241.97445678710938,208.4066619873047,50.5775032
01-06-21,121.78225708007812,150.10531616210938,239.76480102539062,207.96665954589844,52.388484954833984
02-06-21,122.54656982421875,150.1143341064453,239.6678924560547,201.7066650390625,52.80440139770508
03-06-21,121.0571289,150.21377563476562,238.1269531,190.94667053222656,53.012367248535156
04-06-21,123.35989379882812,150.4578399658203,243.05018615722656,199.68333435058594,53.24631881713867
07-06-21,123.36968994140625,149.75274658203125,245.97698974609375,201.7100067138672,52.899715423583984
08-06-21,124.19281005859375,149.15614318847656,244.7752685546875,201.19667053222656,53.83553695678711
09-06-21,124.57495880126953,147.29391479492188,245.76377868652344,199.5933380126953,54.28611373901367
10-06-21,123.57547760009766,144.99783325195312,249.30113220214844,203.3733367919922,54.37276840209961
11-06-21,124.79056549072266,144.89837646484375,249.93106079101562,203.29666137695312,53.87019729614258
14-06-21,127.8576431274414,142.4396209716797,251.8693389892578,205.89666748046875,53.783546447753906
15-06-21,127.03450775146484,140.27908325195312,250.38656616210938,199.7866668701172,55.74184036254883
16-06-21,127.5342788696289,141.26443481445312,249.43682861328125,201.6233367919922,55.542537689208984
17-06-21,129.14134216308594,137.18748474121094,252.84817504882812,205.53334045410156,53.714229583740234
18-06-21,127.83809661865234,133.71620178222656,251.423584,207.77000427246094,52.33649444580078
21-06-21,129.6410675048828,135.98519897460938,254.5247802734375,206.94332885742188,54.234134674072266
22-06-21,131.28729248046875,135.78636169433594,257.315918,207.90333557128906,55.27393341064453
23-06-21,131.0129395,136.6089630126953,257.083252,218.85667419433594,55.68117904663086
24-06-21,130.72874450683594,137.86546325683594,258.4595031738281,226.60667419433594,55.90646743774414
25-06-21,130.43479919433594,139.25758361816406,256.8410949707031,223.9566650390625,56.02777862548828
28-06-21,132.07122802734375,139.5106964111328,260.42681884765625,229.57333374023438,54.59805679321289
29-06-21,133.59007263183594,139.3389434814453,263.02410888671875,226.9199981689453,54.26012420654297
30-06-21,134.20741271972656,140.60452270507812,262.5395508,226.56666564941406,54.65871810913086
01-07-21,134.51119995117188,141.9966583251953,263.2179870605469,225.97332763671875,54.81467819213867
02-07-21,137.14712524414062,141.8602752685547,269.08123779296875,226.3000030517578,54.736690521240234
06-07-21,139.16571044921875,139.4781951904297,269.0909423828125,219.86000061035156,53.17699432373047
07-07-21,141.6644744873047,139.64186096191406,271.2908935546875,214.88333129882812,52.34516525268555
08-07-21,140.36119079589844,137.2324981689453,268.8582763671875,217.60333251953125,52.111209869384766
09-07-21,142.19361877441406,141.62387084960938,269.36224365234375,218.98333740234375,53.05567932128906
12-07-21,141.59584045410156,143.65133666992188,268.7614440917969,228.56666564941406,53.00369644165039
13-07-21,142.71295166015625,141.51478576660156,272.3085021972656,222.84666442871094,52.75241470336914
14-07-21,146.15240478515625,141.0328826904297,273.7912598,217.7933349609375,51.582637786865234
15-07-21,145.49586486816406,141.34201049804688,272.3569336,216.86666870117188,51.080074310302734
16-07-21,143.44790649414062,138.11441040039062,272.0855407714844,214.74000549316406,49.66768264770508
19-07-21,139.58709716796875,133.6230469,268.46099853515625,215.4066619873047,47.96067428588867
20-07-21,143.2127227783203,136.1142120361328,270.699707,220.1666717529297,48.48924255371094
21-07-21,142.47775268554688,138.97813415527344,272.7155456542969,218.42999267578125,50.04894256591797
22-07-21,143.8496551513672,137.22341918945312,277.3092346191406,216.4199981689453,49.48571014404297
23-07-21,145.5742950439453,136.95973205566406,280.7303161621094,214.4600067138672,49.42506027
26-07-21,145.9956512451172,137.8780059814453,280.1293945,219.2066650390625,50.67281723022461
27-07-21,143.82022094726562,137.69618225097656,277.6969299316406,214.92666625976562,50.109596252441406
28-07-21,142.06619262695312,137.92347717285156,277.38677978515625,215.66000366210938,50.447532653808594
29-07-21,142.71295166015625,139.10540771484375,277.6580810546875,225.78334045410156,51.062747955322266
30-07-21,142.9285430908203,137.99624633789062,276.1172180175781,229.06666564941406,49.884307861328125
02-08-21,142.5953826904297,137.4416046142578,276.0299987792969,236.55667114257812,49.892974853515625
03-08-21,144.3983917236328,139.0054168701172,278.25897216796875,236.5800018310547,50.430198669433594
04-08-21,143.9966278076172,137.50523376464844,277.6678161621094,236.97332763671875,49.25176239013672
05-08-21,144.1044464111328,139.24180603027344,280.5848693847656,238.2100067138672,49.56369400024414
06-08-21,143.4174805,143.1967773,280.52679443359375,233.03334045410156,50.135589599609375
09-08-21,143.3684082,143.04220581054688,279.4316406,237.9199981689453,49.56369400024414
10-08-21,142.8875274658203,144.7969207763672,277.5999450683594,236.6633301,50.412872314453125
11-08-21,143.1427001953125,146.52438354492188,278.0942687988281,235.94000244140625,50.56017303466797
12-08-21,146.11622619628906,147.097168,280.8659668,240.75,50.44581604003906
13-08-21,146.3223419189453,145.45155334472656,283.8122253417969,239.05667114257812,49.93565368652344
16-08-21,148.30465698242188,144.49691772460938,285.5081787109375,228.72332763671875,49.205562591552734
17-08-21,147.39202880859375,142.75125122070312,284.03497314453125,221.90333557128906,48.871315002441406
18-08-21,143.63336181640625,141.4511260986328,282.2969665527344,229.6633301,47.84217071533203
19-08-21,143.96702575683594,140.2692108154297,288.1617431640625,224.49000549316406,46.38201141357422
20-08-21,145.42929077148438,140.6692352294922,295.5315856933594,226.75332641601562,46.39080810546875
23-08-21,146.92098999023438,142.4694061279297,295.8132324,235.43333435058594,48.299564361572266
24-08-21,146.83262634277344,143.35130310058594,293.8420715332031,236.1633301,48.69539260864258
25-08-21,145.59609985351562,146.30618286132812,293.24981689453125,237.06666564941406,48.783355712890625
26-08-21,144.79136657714844,147.06082153320312,290.41448974609375,233.72000122070312,48.12364196777344
27-08-21,145.8316650390625,148.24273681640625,291.0262451171875,237.30667114257812,49.05603790283203
30-08-21,150.26744079589844,145.8697967529297,294.7839355,243.6366729736328,48.51947784423828
31-08-21,149.0015106201172,145.42425537109375,293.1235656738281,245.24000549316406,47.95651626586914
01-09-21,149.66880798339844,145.2151336669922,293.0750427246094,244.69667053222656,47.296810150146484
02-09-21,150.78758239746094,145.88792419433594,292.41473388671875,244.1300048828125,48.449100494384766
03-09-21,151.4254608154297,145.00601196289062,292.4049987792969,244.52333068847656,48.264381408691406
07-09-21,153.77096557617188,144.75149536132812,291.4728088378906,250.97332763671875,47.982906341552734
08-09-21,152.22035217285156,144.10594177246094,291.5019531,251.2899932861328,47.54309844970703
09-09-21,151.19972229003906,144.73329162597656,288.6278381347656,251.6199951171875,47.57828903198242
10-09-21,146.19473266601562,143.0694580078125,287.1325378417969,245.4233398,47.48153305053711
13-09-21,146.76397705078125,145.3424835205078,288.3753356933594,247.6666717529297,48.704185485839844
14-09-21,145.36056518554688,142.8058319091797,291.0941162109375,248.1633301,48.009300231933594
15-09-21,146.25360107421875,143.79684448242188,295.9783020019531,251.94332885742188,49.62778091430664
16-09-21,146.01808166503906,143.73316955566406,296.3666992,252.3300018310547,49.10002136230469
17-09-21,143.3389892578125,143.3603973388672,291.171875,253.1633301,48.51947784423828
20-09-21,140.2770996,139.0690918,285.7634582519531,243.38999938964844,47.22644043
21-09-21,140.75796508789062,139.0872039794922,286.2488708496094,246.4600067138672,47.18246078491211
22-09-21,143.13287353515625,141.7511444091797,289.9192810058594,250.64666748046875,48.56345748901367
23-09-21,144.0946044921875,146.5425567626953,290.8708496,251.2133331298828,50.208335876464844
24-09-21,144.18296813964844,148.23365783691406,290.6669922,258.1300048828125,50.65693283081055
27-09-21,142.66180419921875,151.8158416748047,285.63714599609375,263.78668212890625,52.161067962646484
28-09-21,139.26626586914062,150.99757385253906,275.29608154296875,259.1866760253906,52.706424713134766
29-09-21,140.16912841796875,150.87940979003906,275.762207,260.4366760253906,52.67124938964844
30-09-21,138.86392211914062,148.82464599609375,273.7425231933594,258.49334716796875,51.73885726928711
01-10-21,139.99249267578125,151.9522247314453,280.7142333984375,258.40667724609375,53.59484100341797
04-10-21,136.5478973388672,151.78855895996094,274.8979797363281,260.5100098,54.289737701416016
05-10-21,138.48114013671875,154.2672882080078,280.3841247558594,260.1966552734375,54.201778411865234
06-10-21,139.35459899902344,154.59658813476562,284.6079406738281,260.9166564941406,53.20780944824219
07-10-21,140.62054443359375,155.57525634765625,286.2974548339844,264.53668212890625,53.35734558105469
08-10-21,140.23780822753906,155.69418334960938,286.2974548339844,261.8299865722656,54.69435119628906
11-10-21,140.14950561523438,152.4197235107422,285.6954345703125,263.9800109863281,54.14899826049805
12-10-21,138.87371826171875,151.2489013671875,284.3846130371094,268.5733337402344,53.86751937866211
13-10-21,138.28492736816406,147.26100158691406,287.7150879,270.3599853515625,53.717987060546875
14-10-21,141.0817871,149.5201873779297,293.9682617,272.7733459472656,54.53602600097656
15-10-21,142.14170837402344,152.39224243164062,295.3859558105469,281.0100098,55.05500411987305
18-10-21,143.81979370117188,152.3373565673828,298.37664794921875,290.03668212890625,55.02861404418945
19-10-21,145.9886474609375,154.18499755859375,299.28936767578125,288.0899963378906,55.85544967651367
20-10-21,146.4793243408203,156.2612305,298.4931335449219,288.6000061035156,56.16330337524414
21-10-21,146.6952362060547,155.03562927246094,301.7459716796875,298,55.14295578
22-10-21,145.91998291015625,157.1210479736328,300.1924133300781,303.2266540527344,55.52119445800781
25-10-21,145.87088012695312,156.35272216796875,299.19232177734375,341.6199951171875,56.60310745239258
26-10-21,146.53823852539062,156.77346801757812,301.11480712890625,339.4766540527344,57.91374206542969
27-10-21,146.0769805908203,153.5081329345703,313.7960510253906,345.9533386230469,56.409603118896484
28-10-21,149.7277069091797,155.82223510742188,314.94183349609375,359.0133361816406,56.56793212890625
29-10-21,147.00929260253906,155.392334,322.00091552734375,371.3333435058594,56.70867156982422
01-11-21,146.1849365234375,155.30999755859375,319.8162536621094,402.86334228515625,57.72901916503906
02-11-21,147.22520446777344,155.92286682128906,323.46710205078125,390.6666564941406,57.01654052734375
03-11-21,148.6678466796875,155.97772216796875,324.3118591308594,404.6199951171875,56.23368453979492
04-11-21,148.14768981933594,153.92886352539062,326.68109130859375,409.9700012207031,56.65589904785156
05-11-21,148.67840576171875,153.7093505859375,326.3121032714844,407.36334228515625,57.19245910644531
08-11-21,147.85281372070312,154.6331787109375,327.2151184082031,387.64666748046875,57.80818557739258
09-11-21,148.2164306640625,153.46241760253906,326.2052917480469,341.1666564941406,58.37114334106445
10-11-21,145.3761749267578,153.3160400390625,321.2047119140625,355.98333740234375,57.22119141
11-11-21,145.3270263671875,153.30690002441406,322.78741455078125,354.5033264160156,57.32816696166992
12-11-21,147.4105987548828,152.6208953857422,326.95294189453125,344.47332763671875,56.891361236572266
15-11-21,147.42042541503906,152.34649658203125,326.3218688964844,337.7966613769531,57.381649017333984
16-11-21,148.40321350097656,151.2489013671875,329.66204833984375,351.5766602,57.96107864379883
17-11-21,150.85035705566406,150.43484497070312,329.8858337402344,363.0033264160156,57.32816696166992
18-11-21,155.15504455566406,149.1360321044922,331.97723388671875,365.4599914550781,56.70415496826172
19-11-21,157.78897094726562,147.18780517578125,333.76715087890625,379.0199890136719,54.08334732055664
22-11-21,158.2509002685547,150.32510375976562,330.576416,385.6233215332031,54.832149505615234
23-11-21,158.63418579101562,153.9197540283203,328.4849853515625,369.6766662597656,56.276275634765625
24-11-21,159.15505981445312,152.71237182617188,328.7087097167969,372,56.58826446533203
26-11-21,154.11329650878906,148.11160278320312,320.7028503417969,360.6400146484375,54.60037612915039
29-11-21,157.4843292236328,147.47134399414062,327.463623,378.9966735839844,54.90345764160156
30-11-21,162.4572754,145.2761688232422,321.5880126953125,381.5866699,53.34344482421875
01-12-21,161.93637084960938,144.4163818359375,321.0919494628906,365,53.29888153076172
02-12-21,160.94374084472656,147.4530487060547,320.51800537109375,361.5333251953125,54.627113342285156
03-12-21,159.05677795410156,144.7822266,314.21441650390625,338.3233337402344,54.27946472167969
06-12-21,162.47694396972656,146.4926758,317.3078918457031,336.3366699,54.89455032348633
07-12-21,168.23617553710938,148.69700622558594,325.8001403808594,350.5833435058594,55.50963592529297
08-12-21,172.06906127929688,146.99574279785156,325.84881591796875,356.32000732421875,55.67009353637695
09-12-21,171.5580291748047,146.7670440673828,324.0297546386719,334.6000061035156,55.81272888183594
10-12-21,176.36395263671875,146.18167114257812,333.2126770019531,339.0100098,56.16930008
13-12-21,172.7177734,144.44383239746094,330.1581726074219,322.13665771484375,54.93912124633789
14-12-21,171.33200073242188,145.55056762695312,319.39935302734375,319.5033264160156,54.858890533447266
15-12-21,176.21653747558594,144.4621124267578,325.5374755859375,325.3299865722656,54.61820602416992
16-12-21,169.2975616455078,146.7213134765625,316.0529785,308.97332763671875,54.70734786987305
17-12-21,168.19683837890625,143.3827667236328,314.98297119140625,310.8566589355469,53.51282501220703
20-12-21,166.8307647705078,140.8034668,311.1988830566406,299.9800109863281,52.73727798461914
21-12-21,170.01499938964844,142.7699432373047,318.37799072265625,312.84332275390625,53.93180465698242
22-12-21,172.61944580078125,143.32791137695312,324.12701416015625,336.2900085449219,54.36859893798828
23-12-21,173.2484588623047,143.8400879,325.57635498046875,355.6666564941406,54.39533996582031
27-12-21,177.2288360595703,144.6633301,333.1250915527344,364.64666748046875,55.17089080810547
28-12-21,176.2066650390625,145.1023712158203,331.9577637,362.8233337402344,54.99260330200195
29-12-21,176.295166,145.02920532226562,332.6387023925781,362.0633239746094,54.511234283447266
30-12-21,175.13543701171875,144.95603942871094,330.0804138183594,356.7799987792969,54.19031524658203
31-12-21,174.5162811279297,144.8371124267578,327.1620178222656,352.2600098,54.54689025878906
03-01-22,178.87991333007812,147.9012451171875,325.6347656,399.9266662597656,56.64176559448242
04-01-22,176.60964965820312,153.5081329345703,320.05108642578125,383.1966552734375,58.77228546142578
05-01-22,171.91183471679688,150.70169067382812,307.7649841308594,362.7066650390625,59.503265380859375
06-01-22,169.04208374023438,152.30274963378906,305.33306884765625,354.8999938964844,60.90282059
07-01-22,169.20916748046875,153.81178283691406,305.4887390136719,342.32000732421875,61.40201187133789
10-01-22,169.2288055419922,153.9590301513672,305.71246337890625,352.7066650390625,61.03653335571289
11-01-22,172.06906127929688,154.1154327392578,306.4031982421875,354.79998779296875,63.60386276245117
12-01-22,172.51136779785156,154.98959350585938,309.6034851074219,368.7399902,63.416664123535156
13-01-22,169.2288055419922,154.79635620117188,296.5002746582031,343.85333251953125,62.962039947509766
14-01-22,170.09365844726562,145.2820281982422,301.75323486328125,349.8699951171875,64.0674057
18-01-22,166.8798828,139.19064331054688,294.4088134765625,343.5033264160156,65.14604949951172
19-01-22,163.37130737304688,137.03750610351562,295.0703125,331.8833312988281,65.17279052734375
20-01-22,161.6808624267578,135.8689422607422,293.3874512,332.0899963378906,65.31542969
21-01-22,159.6169891357422,133.4949493408203,287.96917724609375,314.6333312988281,64.33484649658203
24-01-22,158.84056091308594,133.3753204345703,288.2998352050781,310,64.88754272460938
25-01-22,157.03219604492188,134.82916259765625,280.6344299316406,306.1333312988281,66.7951889
26-01-22,156.94375610351562,136.1081543,288.6306152,312.4700012207031,66.11770629882812
27-01-22,156.48187255859375,133.70657348632812,291.67535400390625,276.3666687011719,66.96457672
28-01-22,167.4007568359375,134.90274047851562,299.8660888671875,282.1166687011719,67.10720825195312
31-01-22,171.7742462158203,136.73385620117188,302.5120544433594,312.2399902,67.71337891
01-02-22,171.6071777,139.08021545410156,300.35247802734375,310.4166564941406,72.05467987060547
02-02-22,172.81602478027344,137.96685791015625,304.92449951171875,301.88665771484375,71.86746215820312
03-02-22,169.92657470703125,136.82586669921875,293.0469665527344,297.0466613769531,71.02951813
04-02-22,169.64120483398438,140.3776397705078,297.6092834472656,307.7733459472656,72.57169342041016
07-02-22,168.92288208007812,140.84690856933594,292.75518798828125,302.4466552734375,73.44529724121094
08-02-22,172.0422821044922,143.49693298339844,296.2668762207031,307.3333435058594,71.54653168
09-02-22,173.46920776367188,144.0950469970703,302.73577880859375,310.6666564941406,71.20404815673828
10-02-22,169.37551879882812,143.49693298339844,294.1462097167969,301.51666259765625,70.51904297
11-02-22,165.95103454589844,141.6290283203125,287.0060729980469,286.6666564941406,72.29466247558594
14-02-22,166.18719482421875,140.3132324,286.9671325683594,291.9200134277344,71.18601989746094
15-02-22,170.03482055664062,142.3651580810547,292.2882080078125,307.4766540527344,70.29372406
16-02-22,169.7986602783203,142.6228027,291.94708251953125,307.7966613769531,70.61819458007812
17-02-22,166.18719482421875,139.33786010742188,283.3982238769531,292.1166687011719,70.51003265
18-02-22,164.63235473632812,139.99118041992188,280.6687927246094,285.6600036621094,69.72589874267578
22-02-22,161.6999053955078,139.74273681640625,280.4641113,273.84332275390625,68.91470336914062
23-02-22,157.51768493652344,136.81668090820312,273.2020263671875,254.67999267578125,69.19411469
24-02-22,160.14511108398438,133.0072479248047,287.1608887,266.9233398,68.31983947753906
25-02-22,162.22142028808594,136.15415954589844,289.8122863769531,269.9566650390625,70.15852355957031
28-02-22,162.4871368408203,130.4768524169922,291.2549743652344,290.1433410644531,70.68128204345703
01-03-22,160.59774780273438,125.55404663085938,287.5118408203125,288.1233215332031,71.35728454589844
02-03-22,163.9041748046875,128.15809631347656,292.6196289,293.2966613769531,72.58306884765625
03-03-22,163.5794677734375,127.24711608886719,288.4573669433594,279.7633361816406,73.04273223876953
04-03-22,160.5682373046875,123.66775512695312,282.5501403808594,279.42999267578125,75.79175567626953
07-03-22,156.7599639892578,118.89219665527344,271.87628173828125,268.1933288574219,78.52275085449219
08-03-22,154.9296112060547,118.05487060546875,268.8934631347656,274.79998779296875,79.11761474609375
09-03-22,160.35174560546875,122.78443908691406,281.2244567871094,286.3233337402344,74.62004089355469
10-03-22,155.9923858642578,121.33060455322266,278.3878479003906,279.4333190917969,76.93642426
11-03-22,152.2628173828125,118.59776306152344,273.0070801,265.1166687011719,76.53984832763672
14-03-22,148.21832275390625,119.7755355834961,269.4685363769531,255.4566650390625,73.79982758
15-03-22,152.61705017089844,121.90106201171875,279.9084777832031,267.2966613769531,69.59969329833984
16-03-22,157.04527282714844,127.34838104248047,286.9659423828125,280.0766602,69.33831787109375
17-03-22,158.0589141845703,128.9586181640625,287.7750244140625,290.5333251953125,71.18601989746094
18-03-22,161.3653106689453,128.91261291503906,292.85357666015625,301.7966613769531,70.90660858154297
21-03-22,162.74298095703125,128.4985352,291.6156005859375,307.0533447265625,74.08824920654297
22-03-22,166.12814331054688,131.2313690185547,296.3920898,331.3266602,73.76377868652344
23-03-22,167.49598693847656,128.6181641,291.9372863769531,333.03668212890625,74.92649078
24-03-22,171.2944336,129.45547485351562,296.4310302734375,337.97332763671875,75.15181732177734
25-03-22,171.93405151367188,130.58729553222656,296.0216369628906,336.8800048828125,76.79220581054688
28-03-22,172.80006408691406,129.62110900878906,302.86456298828125,363.9466552734375,74.63806152
29-03-22,176.10646057128906,129.90634155273438,307.4558105,366.5233459472656,74.24148559570312
30-03-22,174.93544006347656,129.31747436523438,305.9448242,364.6633301,75.51233673095703
31-03-22,171.8258056640625,125.43445587158203,300.5348815917969,359.20001220703125,74.43977355957031
01-04-22,171.5305938720703,124.50511169433594,301.6168518066406,361.5299987792969,74.91747283935547
04-04-22,175.59475708007812,125.05718994140625,307.0268859863281,381.8166809082031,74.95352935791016
05-04-22,172.2686309814453,123.6018295288086,303.0400695800781,363.7533264160156,74.56596374511719
06-04-22,169.0901641845703,121.88695526123047,291.94708251953125,348.5866699,75.39515686035156
07-04-22,169.39520263671875,121.51618194580078,293.7698669433594,352.4200134277344,76.65703582763672
08-04-22,167.3778533935547,123.74089813232422,289.48089599609375,341.8299865722656,78.27037048339844
11-04-22,163.1071014404297,123.28666687011719,278.0661926269531,325.30999755859375,75.57543182373047
12-04-22,164.9866485595703,121.93328857421875,274.9468688964844,328.98333740234375,77.15274810791016
13-04-22,167.68292236328125,118.00296783447266,280.3666076660156,340.7900085449219,78.24333953857422
14-04-22,162.65440368652344,116.90916442871094,272.7730712890625,328.3333435058594,79.16268157958984
18-04-22,162.43792724609375,119.07825469970703,273.4456787109375,334.7633361816406,79.81163787841797
19-04-22,164.7307891845703,121.54397583007812,278.1051940917969,342.7166748046875,79.09957885742188
20-04-22,164.56349182128906,121.97039794921875,279.13836669921875,325.73333740234375,79.27985382080078
21-04-22,163.76641845703125,121.02487182617188,273.7284240722656,336.2600098,78.4416275
22-04-22,159.21023559570312,117.54875183105469,267.1193542480469,335.01666259765625,76.72911834716797
25-04-22,160.28285217285156,117.51165771484375,273.6406555175781,332.6733398,74.14234161376953
26-04-22,154.29978942871094,114.03555297851562,263.40545654296875,292.1400146484375,74.16938018798828
27-04-22,154.07347106933594,112.5523910522461,276.0776062011719,293.8366699,76.28746795654297
28-04-22,161.03074645996094,114.3321762084961,282.3259277,292.5033264160156,78.59484100341797
29-04-22,155.13624572753906,110.6428451538086,270.5213623046875,290.2533264160156,76.83727264404297
02-05-22,155.4413299560547,111.65324401855469,277.29608154296875,300.9800109863281,77.8828125
03-05-22,156.9370574951172,114.04481506347656,274.6738586425781,303.0833435058594,79.48715973
04-05-22,163.3728027,117.81758117675781,282.6671447753906,317.5400085449219,82.65077209472656
05-05-22,154.27029418945312,114.86980438232422,270.3557129,291.09332275390625,81.39794158935547
06-05-22,154.99954223632812,114.6844253540039,267.8016662597656,288.54998779296875,82.64176177978516
09-05-22,149.85525512695312,112.96026611328125,257.9076843261719,262.3699951171875,76.12525177001953
10-05-22,152.2697296142578,110.2071762084961,262.7036437988281,266.67999267578125,76.62995910644531
11-05-22,144.37583923339844,109.51194763183594,253.97930908203125,244.6666717529297,78.22530364990234
12-05-22,140.49298095703125,109.41926574707031,248.9104766845703,242.6666717529297,78.58042145
13-05-22,144.97702026367188,110.39256286621094,254.5349884033203,256.5299987792969,80.91143035888672
16-05-22,143.4297637939453,109.62318420410156,254.90533447265625,241.4566650390625,82.81448364257812
17-05-22,147.07611083984375,113.25690460205078,260.0911865234375,253.8699951171875,83.87071990966797
18-05-22,138.77821350097656,111.31952667236328,248.24935913085938,236.60333251953125,82.54130554199219
19-05-22,135.3585205078125,109.6695327758789,247.33090209960938,236.47332763671875,82.98748016357422
20-05-22,135.59506225585938,108.7703628540039,246.76419067382812,221.3000030517578,83.64308166503906
23-05-22,141.0349884033203,115.5001449584961,254.6685791015625,224.96665954589844,85.49149322509766
24-05-22,138.32485961914062,117.13160705566406,253.66220092773438,209.3866729736328,85.95585632324219
25-05-22,138.48257446289062,117.94734954833984,256.49566650390625,219.60000610351562,87.68592071533203
26-05-22,141.69529724121094,119.98667907714844,259.7980651855469,235.91000366210938,87.99551391601562
27-05-22,147.47032165527344,121.68301391601562,266.9696044921875,253.2100067138672,88.86051940917969
31-05-22,146.6819305419922,122.57292175292969,265.63104248046875,252.75332641601562,87.41274261
01-06-22,146.55381774902344,120.42237091064453,266.168457,246.7899932861328,89.08816528320312
02-06-22,149.01754760742188,122.3597183227539,268.27886962890625,258.3333435058594,88.9333725
03-06-22,143.2720947265625,120.65409088134766,263.8235168457031,234.51666259765625,90.22635650634766
06-06-22,144.0210723876953,120.2554931640625,262.5826416015625,238.27999877929688,89.99871826171875
07-06-22,146.55381774902344,120.57068634033203,266.2466125488281,238.8866729736328,94.12350463867188
08-06-22,145.8146973,118.65184783935547,264.2045593261719,241.86666870117188,95.23436737060547
09-06-22,140.5718231201172,116.15829467773438,258.7135314941406,239.7066650390625,93.17652893066406
10-06-22,135.14169311523438,110.8189697265625,247.18435668945312,232.22999572753906,91.47380065917969
13-06-22,129.96783447265625,107.51897430419922,236.7005615234375,215.73666381835938,87.27616119384766
14-06-22,130.83505249023438,105.72991180419922,238.87940979003906,220.88999938964844,87.50379943847656
15-06-22,133.46636962890625,106.9813232421875,245.98257446289062,233,86.40205383300781
16-06-22,128.17420959472656,105.14592742919922,239.3483887,213.10000610351562,83.21512603759766
17-06-22,129.6524658203125,104.7751465,241.96690368652344,216.75999450683594,78.41653442382812
21-06-22,133.89999389648438,107.37065124511719,247.9171600341797,237.0366668701172,83.29707336425781
22-06-22,133.3875274658203,106.76811218261719,247.32115173339844,236.0866699,80.00087738
23-06-22,136.2651824951172,105.60013580322266,252.91964721679688,235.07000732421875,77.58791351
24-06-22,139.6060333251953,108.7518310546875,261.5567626953125,245.7066650390625,79.12675476074219
27-06-22,139.6060333251953,107.88047790527344,258.8112793,244.9199981689453,81.06622314453125
28-06-22,135.44720458984375,107.36138153076172,250.5942840576172,232.6633301,83.31526947021484
29-06-22,137.21124267578125,106.87936401367188,254.2875213623047,228.49000549316406,80.23761749267578
30-06-22,134.73764038085938,104.38581848144531,250.93621826171875,224.47332763671875,77.97945404052734
01-07-22,136.91558837890625,105.72064971923828,253.6230926513672,227.26333618164062,79.71861267089844
05-07-22,139.50747680664062,105.31853485107422,256.8181152,233.06666564941406,77.22369384765625
06-07-22,140.8477783203125,104.63584899902344,260.1009521484375,231.73333740234375,75.83057403564453
07-07-22,144.22805786132812,107.2823715209961,262.2407227,244.5433349609375,78.25262451171875
08-07-22,144.9080352783203,106.94571685791016,261.5177307128906,250.76333618164062,78.38009643554688
11-07-22,142.76950073242188,105.54297637939453,258.44000244140625,234.3433380126953,77.97945404052734
12-07-22,143.74510192871094,105.64583587646484,247.84873962402344,233.07000732421875,76.94142914
13-07-22,143.38050842285156,104.65455627441406,246.9205322265625,237.0399932861328,77.25102996826172
14-07-22,146.31729125976562,100.99805450439453,248.24935913085938,238.31333923339844,75.70307922363281
15-07-22,147.9926300048828,105.62714385986328,250.82875061035156,240.06666564941406,76.97785949707031
18-07-22,144.93756103515625,104.54234313964844,248.4154510498047,240.54666137695312,78.39830017089844
19-07-22,148.81057739257812,107.13274383544922,253.57424926757812,245.52999877929688,80.37420654296875
20-07-22,150.8209991455078,107.11404418945312,256.2513427734375,247.5,81.25743103027344
21-07-22,153.09751892089844,107.8434829711914,258.7624512,271.7066650390625,79.90071105957031
22-07-22,151.85580444335938,107.31979370117188,254.38522338867188,272.24334716796875,79.29064178466797
25-07-22,150.73231506347656,107.74996948242188,252.89031982421875,268.4333190917969,81.93124389648438
26-07-22,149.4019012451172,106.06666564941406,246.11935424804688,258.8599853515625,81.61254883
27-07-22,154.51661682128906,107.76866149902344,262.5728759765625,274.82000732421875,83.37902069091797
28-07-22,155.06854248046875,107.36654663085938,270.0669250488281,280.8999938964844,84.35330963134766
29-07-22,160.15371704101562,107.8808822631836,274.29754638671875,297.1499938964844,88.25955963134766
01-08-22,159.16822814941406,106.8054428100586,271.6301574707031,297.27667236328125,86.02870941
02-08-22,157.68997192382812,105.1408462524414,268.5134277,300.5866699,85.65539551
03-08-22,163.72125244140625,106.24433898925781,275.98785400390625,307.39666748046875,82.87819672
04-08-22,163.40586853027344,105.07537841796875,277.1407775878906,308.6333312988281,79.39081573486328
05-08-22,163.1788787841797,108.25495147705078,276.4177551269531,288.1700134277344,80.53809356689453
08-08-22,162.70516967773438,106.93635559082031,273.8871765136719,290.4233398,80.99337768554688
09-08-22,162.75454711914062,107.89957427978516,275.82171630859375,283.3333435058594,82.48668670654297
10-08-22,167.01779174804688,110.71442413330078,282.5242919921875,294.3566589355469,83.26973724365234
11-08-22,166.2776641845703,112.35098266601562,280.4333496,286.6300048828125,85.67856598
12-08-22,169.84024047851562,114.21195983886719,285.2111816,300.0299987792969,86.42327880859375
15-08-22,170.91595458984375,114.52055358886719,286.73541259765625,309.32000732421875,84.87869262695312
16-08-22,170.75802612304688,115.61471557617188,285.9928283691406,306.5633239746094,84.0880127
17-08-22,172.2581024169922,114.64214324951172,285.23895263671875,303.9966735839844,84.76837921142578
18-08-22,171.86334228515625,113.75373840332031,284.1129150390625,302.8699951171875,86.77265930175781
19-08-22,169.26788330078125,110.93887329101562,280.17681884765625,296.6666564941406,86.49683380126953
22-08-22,165.36973571777344,109.105957,271.9521789550781,289.9133301,86.43247985839844
23-08-22,165.03419494628906,108.03052520751953,270.6694641113281,296.4533386230469,90.10086059570312
24-08-22,165.33026123046875,108.29235076904297,270.0331115722656,297.0966797,90.63410949707031
25-08-22,167.79742431640625,110.86407470703125,273.0292053222656,296.07000732421875,91.10300446
26-08-22,161.47158813476562,107.23560333251953,262.49383544921875,288.0899963378906,89.98134613
29-08-22,159.26104736328125,106.97377014160156,259.6935119628906,284.82000732421875,92.04998016357422
30-08-22,156.82345581054688,106.99247741699219,257.4806823730469,277.70001220703125,88.54708862304688
31-08-22,155.1556396484375,106.3565673828125,256.0119629,275.6099853515625,87.88512420654297
01-09-22,155.8859405517578,107.08600616455078,254.96432495117188,277.1600036621094,86.30377197265625
02-09-22,153.76412963867188,106.33785247802734,250.71495056152344,270.2099914550781,87.88512420654297
06-09-22,152.50094604492188,106.36591339111328,247.9635772705078,274.4200134277344,87.29670715332031
07-09-22,153.91220092773438,108.3858871459961,252.7025604248047,283.70001220703125,86.55200195
08-09-22,152.43186950683594,110.91082000732422,253.12359619140625,289.2600098,87.25994110107422
09-09-22,155.3036651611328,111.4438705444336,258.9395751953125,299.67999267578125,88.72176361083984
12-09-22,161.2841033935547,112.7624512,261.0838623046875,304.4200134277344,89.74230957
13-09-22,151.82000732421875,108.84410095214844,246.7299041748047,292.1300048828125,87.64608001708984
14-09-22,153.27072143554688,108.59159851074219,246.95509338378906,302.6099853515625,89.79747772216797
15-09-22,150.3693389892578,110.22816467285156,240.25787353515625,303.75,87.18637848
16-09-22,148.72125244140625,109.48937225341797,239.6312255859375,303.3500061035156,85.69695281982422
19-09-22,152.4516143798828,110.49935150146484,239.4158172607422,309.07000732421875,85.68776703
20-09-22,154.8398438,108.3204116821289,237.38900756835938,308.7300109863281,84.98901367
21-09-22,151.7015838623047,105.19694519042969,233.9620819091797,300.79998779296875,83.61911774
22-09-22,150.73446655273438,103.99994659423828,235.94972229003906,288.5899963378906,83.26974487304688
23-09-22,148.45477294921875,102.06414031982422,232.95358276367188,275.3299865722656,78.83826446533203
26-09-22,148.79034423828125,99.86649322509766,232.4934082,276.0100098,77.2109375
27-09-22,149.76730346679688,98.98744201660156,231.4750977,282.94000244140625,78.82906341552734
28-09-22,147.87252807617188,100.98870086669922,236.03782653808594,287.80999755859375,81.69759368896484
29-09-22,140.6091766357422,99.27735900878906,232.54237365722656,268.2099914550781,81.53209686279297
30-09-22,136.38539123535156,97.72496795654297,228.0383758544922,265.25,80.27252197265625
03-10-22,140.57955932617188,100.74557495117188,235.71475219726562,242.39999389648438,84.51092529296875
04-10-22,144.1816406,105.45879364013672,243.68484497070312,249.44000244140625,87.59091186523438
05-10-22,144.4777069091797,104.15672302246094,243.99815368652344,240.80999755859375,91.13059997558594
06-10-22,143.5204315185547,102.03377532958984,241.63844299316406,238.1300048828125,93.83361816
07-10-22,138.25057983398438,99.99574279785156,229.3504180908203,223.07000732421875,92.88665008544922
10-10-22,138.5762176513672,99.06164551,224.46458435058594,222.9600067138672,90.87315368652344
11-10-22,137.1551055908203,96.20272827148438,220.7047119140625,216.5,90.10086059570312
12-10-22,136.52352905273438,97.75957489013672,221.0375977,217.24000549316406,90.49620819091797
13-10-22,141.1125030517578,103.19432830810547,229.3504180908203,221.72000122070312,93.65894317626953
14-10-22,136.56301879882812,104.91156005859375,223.78897094726562,204.99000549316406,91.19496154785156
17-10-22,140.5400848388672,109.3178711,232.57171630859375,219.35000610351562,92.50968933105469
18-10-22,141.86251831054688,112.12957000732422,233.5214844,220.19000244140625,92.67519379
19-10-22,141.9710693359375,109.9311523,231.5436248779297,222.0399932861328,95.42417145
20-10-22,141.50726318359375,109.57260131835938,231.22056579589844,207.27999877929688,95.55287933
21-10-22,145.3363037109375,115.32817840576172,237.06590270996094,214.44000244140625,97.32732391357422
24-10-22,147.48765563964844,115.4697036743164,242.08883666992188,211.25,98.00768280029297
25-10-22,150.33969116210938,115.7716293334961,245.4276580810547,222.4199981689453,97.34571838378906
26-10-22,147.3889923095703,117.10201263427734,226.49136352539062,224.63999938964844,98.50415039
27-10-22,142.89871215820312,117.5643539428711,222.01678466796875,225.08999633789062,98.88111114501953
28-10-22,153.69505310058594,118.96076965332031,230.94635009765625,228.52000427246094,101.77721405029297
31-10-22,151.32656860351562,118.7720718383789,227.28445434570312,227.5399932861328,101.87834930419922
01-11-22,148.671875,120.91388702392578,223.40711975097656,227.82000732421875,102.88968658447266
02-11-22,143.12570190429688,119.80052185058594,215.5056152,214.97999572753906,100.77506256103516
03-11-22,137.05645751953125,120.01753234863281,209.77769470214844,215.30999755859375,102.14498138427734
04-11-22,136.78956604003906,123.3010254,216.76866149902344,207.47000122070312,103.2574462890625
07-11-22,137.32334899902344,123.95206451416016,223.11337280273438,197.0800018310547,104.48023986816406
08-11-22,137.8966827392578,124.02755737304688,224.09249877929688,191.3000030517578,104.81121826171875
09-11-22,133.31991577148438,122.41412353515625,219.8235321044922,177.58999633789062,100.1222915649414
10-11-22,145.18199157714844,127.45258331298828,237.90797424316406,190.72000122070312,101.59333801269531
11-11-22,147.97943115234375,127.6601563,241.95176696777344,195.97000122070312,104.7652359008789
14-11-22,146.57577514648438,126.34864807128906,236.50782775878906,190.9499969482422,105.07110595703125
15-11-22,148.31553649902344,125.43342590332031,236.91908264160156,194.4199981689453,105.77545928955078
16-11-22,147.0799102783203,125.6032485961914,237.35108947753906,186.9199981689453,104.64476013183594
17-11-22,148.98773193359375,125.05599975585938,237.30198669433594,183.1699981689453,104.78377532958984
18-11-22,149.55116271972656,126.28260040283203,236.85031127929688,180.19000244140625,103.87554168701172
21-11-22,146.30886840820312,125.53720092773438,237.6652832,167.8699951171875,102.84677124023438
22-11-22,148.45388793945312,127.41484069824219,240.5913086,169.91000366210938,105.82179260253906
23-11-22,149.33370971679688,128.77352905273438,243.09510803222656,183.1999969482422,105.29351806640625
25-11-22,146.40773010253906,129.0188446044922,243.00674438476562,182.86000061035156,104.92279815673828
28-11-22,142.5624237060547,126.76380157470703,237.3805389404297,182.9199981689453,101.77169036865234
29-11-22,139.5474853515625,128.8489990234375,235.9764404296875,180.8300018310547,102.44825744628906
30-11-22,146.3286590576172,130.37753295898438,250.51815795898438,194.6999969482422,103.18968200683594
01-12-22,146.6054229736328,128.54708862304688,250.07627868652344,194.6999969482422,102.68921661376953
02-12-22,146.1111602783203,127.52808380126953,250.4003448486328,194.86000061035156,101.81802368164062
05-12-22,144.94471740722656,123.95206451416016,245.6676483154297,182.4499969482422,99.02836608886719
06-12-22,141.26748657226562,124.1596450805664,240.67967224121094,179.82000732421875,96.27576446533203
07-12-22,139.32012939453125,124.07472229003906,239.9432373046875,174.0399932861328,96.06262207
08-12-22,141.01046752929688,125.37680053710938,242.91836547851562,173.44000244140625,96.77624512
09-12-22,140.5260772705078,124.69747161865234,240.97421264648438,179.0500030517578,95.96067047
12-12-22,142.82931518554688,126.6317138671875,247.935791,167.82000732421875,98.3239975
13-12-22,143.79808044433594,126.50904846191406,252.26593017578125,160.9499969482422,99.39907836914062
14-12-22,141.56405639648438,125.87689208984375,252.5604705810547,156.8000030517578,98.66691589355469
15-12-22,134.9311523,122.7537841796875,244.49920654296875,157.6699981689453,97.72158813476562
16-12-22,132.96405029296875,121.98950958251953,240.25746154785156,150.22999572753906,97.03574371
19-12-22,130.84861755371094,122.71602630615234,236.0942840576172,149.8699951171875,97.47133636
20-12-22,130.77943420410156,123.31047058105469,237.4197998046875,137.8000030517578,98.88008880615234
21-12-22,133.8932342529297,124.69747161865234,240.00218200683594,137.57000732421875,100.14978790283203
22-12-22,130.71023559570312,123.28217315673828,233.8751983642578,125.3499984741211,98.12937164
23-12-22,130.34449768066406,123.86715698242188,234.40542602539062,123.1500015258789,100.72440338134766
27-12-22,128.53550720214844,124.30118560791016,232.66749572753906,109.0999984741211,102.12386322021484
28-12-22,124.59138488769531,124.98052215576172,230.28152465820312,112.70999908447266,100.44635772705078
29-12-22,128.12034606933594,125.69760131835938,236.6441192626953,121.81999969482422,101.20632934570312
30-12-22,128.43666076660156,126.52791595458984,235.47567749023438,123.18000030517578,102.22582244873047
03-01-23,123.63251495361328,127.49032592773438,235.2400360107422,108.0999984741211,98.71324920654297
04-01-23,124.90770721435547,128.67918395996094,224.9498748779297,113.63999938964844,99.00055694580078
05-01-23,123.58309173583984,128.65066528320312,218.28286743164062,110.33999633789062,101.21561431884766
06-01-23,128.13021850585938,131.1124725341797,220.8553924560547,113.05999755859375,102.43898010253906
09-01-23,128.65415954589844,130.5706787109375,223.0057373046875,119.7699966430664,100.52976989746094
10-01-23,129.2274627685547,131.7397918701172,224.70440673828125,118.8499984741211,102.03119659423828
11-01-23,131.95578002929688,132.71881103515625,231.49905395507812,123.22000122070312,103.21749877929688
12-01-23,131.876709,132.5857391357422,234.18942260742188,123.55999755859375,104.93206787109375
13-01-23,133.21116638183594,135.9315185546875,234.8963623046875,122.4000015258789,104.86719512939453
17-01-23,134.37757873535156,133.83091735839844,235.9960938,131.49000549316406,104.6633071899414
18-01-23,133.65597534179688,129.8102569580078,231.5383301,128.77999877929688,102.51312255859375
19-01-23,133.71531677246094,128.08038330078125,227.7285614013672,127.16999816894531,103.17115020751953
20-01-23,136.2854004,128.394043,235.8684082,133.4199981689453,105.05256652832031
23-01-23,139.48818969726562,130.4756317138672,238.18568420410156,143.75,104.50574493408203
24-01-23,140.89186096191406,131.59722900390625,237.65545654296875,143.88999938964844,105.4788818359375
25-01-23,140.2295684814453,132.2340545654297,236.25135803222656,144.42999267578125,104.92279815673828
26-01-23,142.30543518066406,133.05149841308594,243.50750732421875,160.27000427246094,109.13972473144531
27-01-23,144.25274658203125,133.3746795654297,243.6646270751953,177.89999389648438,107.1471176147461
30-01-23,141.35646057128906,132.24356079101562,238.31332397460938,166.66000366210938,105.24717712402344
31-01-23,142.63160705566406,133.0324707,243.32095336914062,173.22000122070312,107.51783752441406
01-02-23,143.7584991455078,132.6807861328125,248.17144775390625,181.41000366210938,106.3407974243164
02-02-23,149.0865478515625,132.0629883,259.8067932128906,188.27000427246094,103.01358795166016
03-02-23,152.72425842285156,134.1065673828125,253.6699981689453,189.97999572753906,103.72724151611328
06-02-23,149.9861297607422,134.8954620361328,252.11862182617188,194.75999450683594,103.55113983154297
07-02-23,152.87254333496094,136.5398406982422,262.7131652832031,196.80999755859375,106.50762176513672
08-02-23,150.17391967773438,135.57984924316406,261.8982238769531,201.2899932861328,105.58082580566406
09-02-23,149.13600158691406,133.46969604492188,258.8445129394531,207.32000732421875,105.9793472290039
10-02-23,149.50230407714844,134.0590057373047,258.33392333984375,196.88999938964844,110.4465103149414
13-02-23,152.3139648,135.5133056640625,266.4050598144531,194.63999938964844,110.01690673828125
14-02-23,151.6704559326172,136.11212158203125,267.23968505859375,209.25,108.72808074951172
15-02-23,153.77915954589844,136.68243408203125,265.1036071777344,214.24000549316406,108.40120697021484
16-02-23,152.1753692626953,134.80043029785156,258.0458679199219,202.0399932861328,108.08367919921875
17-02-23,151.0269317626953,135.1996307373047,254.0199432373047,208.30999755859375,103.92768859863281
21-02-23,146.9975586,132.71881103515625,248.7143096923828,197.3699951171875,103.82494354248047
22-02-23,147.42327880859375,131.70176696777344,247.5724639892578,200.86000061035156,102.4801025390625
23-02-23,147.90838623046875,132.7568359,250.7814178466797,202.07000732421875,103.42335510253906
24-02-23,145.2452392578125,133.95445251464844,245.3183135986328,196.8800048828125,103.43269348144531
27-02-23,146.4431610107422,135.1235809326172,246.2436065673828,207.6300048828125,103.24591827392578
28-02-23,145.93824768066406,136.2547149658203,245.51519775390625,205.7100067138672,102.64820861816406
01-03-23,143.85919189453125,135.49427795410156,242.4145050048828,202.77000427246094,103.56346130371094
02-03-23,144.45323181152344,134.0875701904297,247.17872619628906,190.89999389648438,104.03974914550781
03-03-23,149.52210998535156,136.5493621826172,251.2932586669922,197.7899932861328,105.3565902709961
06-03-23,152.2941436767578,135.7509307861328,252.84854125976562,193.80999755859375,106.2905273
07-03-23,150.0864258,131.7587891,250.17111206054688,187.7100067138672,104.23588562011719
08-03-23,151.34373474121094,130.97938537597656,249.72816467285156,182,102.71357727050781
09-03-23,149.0864715576172,123.88862609863281,248.3697967529297,172.9199981689453,101.91973876953125
10-03-23,147.01736450195312,127.03480529785156,244.6981658935547,173.44000244140625,100.6589355
13-03-23,148.9676971435547,124.75359344482422,249.94471740722656,174.47999572753906,99.50086212158203
14-03-23,151.06654357910156,127.9567871,256.7071228027344,183.25999450683594,99.87443542480469
15-03-23,151.46255493164062,121.91158294677734,261.28436279296875,180.4499969482422,94.90592956542969
16-03-23,154.2939910888672,124.2783432006836,271.8759766,184.1300048828125,94.35491180419922
17-03-23,153.4524688720703,119.58285522460938,275.05535888671875,180.1300048828125,93.24353027
20-03-23,155.8284912109375,120.8470230102539,267.9681091308594,183.25,95.68108367919922
21-03-23,157.6897430419922,124.08824157714844,269.49383544921875,197.5800018310547,99.96782684326172
22-03-23,156.2542266845703,120.88504028320312,268.0271301269531,191.14999389648438,97.67969512939453
23-03-23,157.34323120117188,120.56187438964844,273.3130798339844,192.22000122070312,96.57765961
24-03-23,158.65003967285156,118.72740173339844,276.1775207519531,190.41000366210938,96.68972778320312
27-03-23,156.699707,122.13021850585938,272.0531005859375,191.80999755859375,98.80974578857422
28-03-23,156.07598876953125,122.50090789794922,270.92108154296875,189.19000244140625,100.04254150390625
29-03-23,159.1648712158203,122.74803924560547,276.1184387207031,193.8800048828125,101.76097869873047
30-03-23,160.73899841308594,122.37733459472656,279.6030578613281,195.27999877929688,102.25595092773438
31-03-23,163.2536163330078,123.86012268066406,283.7864685058594,207.4600067138672,102.41472625732422
03-04-23,164.5109863,123.7175521850586,282.73321533203125,194.77000427246094,108.45723724365234
04-04-23,163.97633361816406,122.06366729736328,282.68402099609375,192.5800018310547,107.42057800292969
05-04-23,162.12501525878906,122.24568176269531,279.88848876953125,185.52000427246094,109.26042175292969
06-04-23,163.0160369873047,122.1115723,287.0348205566406,185.05999755859375,107.4486083984375
10-04-23,160.4122772216797,122.51390838623047,284.85943603515625,184.50999450683594,106.97229766845703
11-04-23,159.1945801,123.11742401123047,278.4020996,186.7899932861328,107.72877502441406
12-04-23,158.5015411376953,123.09825897216797,279.0517883300781,180.5399932861328,107.61671447753906
13-04-23,163.9070281982422,123.56767272949219,285.3023681640625,185.89999389648438,108.12102508544922
14-04-23,163.56056213378906,132.8982391357422,281.6603088378906,185,108.38253784179688
17-04-23,163.58033752441406,133.95201110839844,284.2786865234375,187.0399932861328,107.1217269897461
18-04-23,164.80796813964844,135.4559783935547,283.85540771484375,184.30999755859375,109.2137222290039
19-04-23,165.9563751220703,135.2835693359375,283.9341125488281,180.58999633789062,108.86817932128906
20-04-23,164.98614501953125,134.89080810546875,281.6307678222656,162.99000549316406,107.99961853027344
21-04-23,163.37242126464844,134.6321563720703,281.2862854003906,165.0800018310547,108.34517669677734
24-04-23,163.67933654785156,134.81414794921875,277.35870361328125,162.5500030517578,110.39046478271484
25-04-23,162.13491821289062,131.88279724121094,271.1081543,160.6699981689453,108.82147216796875
26-04-23,162.12501525878906,129.54534912109375,290.74578857421875,153.75,107.82218170166016
27-04-23,166.72860717773438,131.28884887695312,300.05767822265625,160.19000244140625,109.11100006103516
28-04-23,167.9858856201172,132.4288330078125,302.4496765136719,164.30999755859375,110.52123260498047
01-05-23,167.89682006835938,135.26438903808594,300.7762756347656,161.8300018310547,107.09370422363281
02-05-23,166.85728454589844,133.0802459716797,300.6286315917969,160.30999755859375,102.82565307617188
03-05-23,165.77816772460938,130.26382446289062,299.6343994140625,160.61000061035156,100.79901885986328
04-05-23,164.13473510742188,128.48204040527344,300.6286315917969,161.1999969482422,99.03389739990234
05-05-23,171.83706665039062,130.99188232421875,305.7865905761719,170.05999755859375,101.49946594238281
08-05-23,171.7677459716797,131.30799865722656,303.8178711,171.7899932861328,101.90106201171875
09-05-23,170.0550537109375,130.67576599121094,302.1937255859375,169.14999389648438,101.92906951904297
10-05-23,171.82716369628906,130.74281311035156,307.42059326171875,168.5399932861328,100.621582
11-05-23,172.0152587890625,130.3308868408203,305.2550048828125,172.0800018310547,98.80041504
12-05-23,171.0833740234375,128.46286010742188,304.13287353515625,167.97999572753906,98.79106903076172
15-05-23,170.58766174316406,129.54534912109375,304.6152038574219,166.35000610351562,98.97947692871094
16-05-23,170.58766174316406,128.67361450195312,306.8595275878906,166.52000427246094,96.5772934
17-05-23,171.20236206054688,132.62998962402344,309.75982666015625,173.86000061035156,98.74395751953125
18-05-23,173.54200744628906,133.6358642578125,314.21875,176.88999938964844,99.63888549804688
19-05-23,173.65106201171875,133.3292999267578,314.04119873046875,180.13999938964844,100.10049438476562
22-05-23,172.69931030273438,132.2276611328125,316.8428649902344,188.8699951171875,98.88527679
23-05-23,170.0820770263672,130.84817504882812,311.0027770996094,185.77000427246094,100.23239135742188
24-05-23,170.3596649169922,129.65074157714844,309.61187744140625,182.89999389648438,101.35340118408203
25-05-23,171.49974060058594,129.9668731689453,321.51885986328125,184.47000122070312,99.53528594970703
26-05-23,173.91873168945312,131.1834716796875,328.3947448730469,193.1699981689453,98.88527679
30-05-23,175.7726287841797,131.68161010742188,326.7374267578125,201.16000366210938,98.00918579101562
31-05-23,175.72305297851562,130.0051727294922,323.9554748535156,203.92999267578125,96.25699615478516
01-06-23,178.5385742,131.79656982421875,328.0888672,207.52000427246094,97.36861419677734
02-06-23,179.39117431640625,134.56509399414062,330.8708496,213.97000122070312,99.62949371
05-06-23,178.03297424316406,133.2430877685547,331.4035645,217.61000061035156,99.18672180175781
06-06-23,177.66616821289062,133.48257446289062,329.1740723,221.30999755859375,99.99687194824219
07-06-23,176.2881317138672,134.77584838867188,319.01312255859375,224.57000732421875,102.23890686035156
08-06-23,179.01446533203125,134.81414794921875,320.8677673339844,234.86000061035156,101.91861724853516
09-06-23,179.40110778808594,135.0823974609375,322.3771057128906,244.39999389648438,101.16499328613281
12-06-23,182.20668029785156,135.07278442382812,327.3688049316406,249.8300018310547,100.2512207
13-06-23,181.7308349609375,136.04994201660156,329.7758483886719,258.7099914550781,100.27006530761719
14-06-23,182.36534118652344,135.54222106933594,332.784668,256.7900085449219,99.06426239013672
15-06-23,184.40757751464844,137.07493591308594,343.3993835449219,255.89999389648438,99.75194549560547
16-06-23,183.3269500732422,137.237793,337.7072448730469,260.5400085449219,99.03598785
20-06-23,183.41616821289062,136.5384979248047,333.48504638671875,274.45001220703125,96.76570129394531
21-06-23,182.3752441,136.3373260498047,329.0556641,259.4599914550781,97.84903717041016
22-06-23,185.38905334472656,133.71250915527344,335.1226806640625,264.6099853515625,97.31208038330078
23-06-23,185.07180786132812,133.01319885253906,330.4959411621094,256.6000061035156,96.46424102783203
26-06-23,183.67396545410156,133.33889770507812,324.1626892089844,241.0500030517578,98.24468231201172
27-06-23,186.4399414,133.34848022460938,330.0520324707031,250.2100067138672,98.48963165283203
28-06-23,187.61968994140625,132.76409912109375,331.31475830078125,256.2399902,99.29035186767578
29-06-23,187.95672607421875,137.40066528320312,330.5255126953125,257.5,100.51498413085938
30-06-23,192.2990264892578,139.3261719,335.9414063,261.7699890136719,101.03309631347656
03-07-23,190.8020477294922,140.44699096679688,333.4258728027344,279.82000732421875,101.23092651367188
05-07-23,189.68174743652344,139.51138305664062,333.5837402,282.4800109863281,100.71281433105469
06-07-23,190.15760803222656,138.13209533691406,336.66156005859375,276.5400085449219,96.95410156
07-07-23,189.0373535,139.2220001220703,332.6662598,274.42999267578125,97.18019867
10-07-23,186.98519897460938,140.00328063964844,327.3489990234375,269.6099853515625,98.62150573730469
11-07-23,186.45977783203125,142.1927947998047,327.98040771484375,269.7900085449219,99.82731628417969
12-07-23,188.1352081298828,142.8968963623047,332.6465148925781,271.9899902,100.31714630126953
13-07-23,188.89854431152344,143.59136962890625,338.03277587890625,277.8999938964844,98.48019409179688
14-07-23,189.04727172851562,144.4594727,340.5779724121094,281.3800048828125,95.08888244628906
17-07-23,192.3188477,147.94149780273438,341.06134033203125,290.3800048828125,95.50337219238281
18-07-23,192.06106567382812,148.2115478515625,354.6354675292969,293.3399963378906,95.07003021240234
19-07-23,193.41929626464844,148.78062438964844,350.28509521484375,291.2600098,95.7294693
20-07-23,191.46624755859375,150.61326599121094,342.1859436035156,262.8999938964844,97.41569519042969
21-07-23,190.28651428222656,149.45579528808594,339.1277770996094,260.0199890136719,97.86787414550781
24-07-23,191.08953857421875,152.3976593017578,340.449707,269.05999755859375,99.40339660644531
25-07-23,191.9520263671875,151.25950622558594,346.2404479980469,265.2799987792969,99.55412292480469
26-07-23,192.82444763183594,152.16615295410156,333.2088317871094,264.3500061035156,98.9983139
27-07-23,191.5554656982422,150.48788452148438,326.2540588378906,255.7100067138672,99.30918884277344
28-07-23,194.14300537109375,151.34629821777344,333.80072021484375,266.44000244140625,98.12223815917969
31-07-23,194.75765991210938,152.35906982421875,331.3838195800781,267.42999267578125,101.02369689941406
01-08-23,193.9248809814453,151.6067352294922,331.79815673828125,261.07000732421875,100.43962860107422
02-08-23,190.9209747314453,149.88986206054688,323.0775146484375,254.11000061035156,99.18672180175781
03-08-23,189.5231170654297,150.80616760253906,322.2488708496094,259.32000732421875,100.9106445
04-08-23,180.42225646972656,150.48788452148438,323.3537292480469,253.86000061035156,101.19324493408203
07-08-23,177.3092803955078,151.20162963867188,325.6522216796875,251.4499969482422,100.98601531982422
08-08-23,178.25106811523438,150.35281372070312,321.64703369140625,249.6999969482422,101.48528289794922
09-08-23,176.65496826171875,148.33692932128906,317.8786926269531,242.19000244140625,103.2092056274414
10-08-23,176.4368438720703,148.11509704589844,318.5691833496094,245.33999633789062,103.73674774169922
11-08-23,176.4964141845703,148.9735107421875,316.6751403808594,242.64999389648438,105.3476333618164
14-08-23,178.15428161621094,149.2821807861328,319.66424560546875,239.75999450683594,105.43241882324219
15-08-23,176.15887451171875,145.4818878173828,317.5136719,232.9600067138672,102.7256088256836
16-08-23,175.28530883789062,144.8645782470703,316.7425842285156,225.60000610351562,100.9970474243164
17-08-23,172.73397827148438,143.35989379882812,313.26275634765625,219.22000122070312,102.95355224609375
18-08-23,173.22042846679688,143.68785095214844,312.86737060546875,215.49000549316406,104.51115417480469
21-08-23,174.5605926513672,144.1797637939453,318.2057189941406,231.27999877929688,103.24797058105469
22-08-23,175.9404754638672,141.18966674804688,318.7790832519531,233.19000244140625,102.66861724853516
23-08-23,179.80218505859375,142.1445770263672,323.2672424316406,236.86000061035156,101.7663574
24-08-23,175.09666442871094,142.00955200195312,316.3174743652344,230.0399932861328,101.00654602050781
25-08-23,177.31045532226562,141.83592224121094,319.29315185546875,238.58999633789062,102.81108093261719
28-08-23,178.8789520263672,142.32781982421875,320.0049133300781,238.82000732421875,103.67535400390625
29-08-23,182.7803497314453,143.48529052734375,324.6611328,257.17999267578125,104.2927017211914
30-08-23,186.28468322753906,142.90655517578125,325.03680419921875,256.8999938964844,105.3089370727539
31-08-23,186.50306701660156,141.14146423339844,324.0185852050781,258.0799865722656,105.60336303710938
01-09-23,188.08151245117188,141.61407470703125,324.9083251953125,245.00999450683594,107.81629180908203
05-09-23,188.3197479248047,140.05149841308594,329.7424621582031,256.4899902,107.8257827758789
06-09-23,181.57916259765625,139.82003784179688,329.0801086425781,251.9199981689453,108.75655364990234
07-09-23,176.26808166503906,138.62400817871094,326.1440124511719,251.49000549316406,108.22468566894531
08-09-23,176.88357543945312,138.7301025390625,330.45428466796875,248.5,109.80128479003906
11-09-23,178.0549774169922,139.33775329589844,334.0823974609375,273.5799865722656,108.42414093017578
12-09-23,175.0172576904297,141.15110778808594,327.9828186035156,267.4800109863281,111.5868148803711
13-09-23,172.94247436523438,141.21859741210938,332.22381591796875,271.29998779296875,110.58958435058594
14-09-23,174.46133422851562,143.95791625976562,334.8337402,276.0400085449219,112.56507110595703
15-09-23,173.7366180419922,143.53350830078125,326.45050048828125,274.3900146484375,110.83650207519531
18-09-23,176.67510986328125,143.8325195,325.3037414550781,265.2799987792969,111.72929382324219
19-09-23,177.7670898,143.6492462158203,324.89837646484375,266.5,111.43486022949219
20-09-23,174.2131348,143.04159545898438,317.10833740234375,262.5899963378906,110.55159759521484
21-09-23,172.6645050048828,141.92274475097656,315.8825378417969,255.6999969482422,108.9939956665039
22-09-23,173.5182342529297,140.56271362304688,313.3913269042969,244.8800048828125,109.16494750976562
25-09-23,174.79885864257812,141.25718688964844,313.9152526855469,246.99000549316406,110.39012908935547
26-09-23,170.7088165283203,139.79107666015625,308.5769043,244.1199951171875,110.56108093261719
27-09-23,169.18995666503906,140.61094665527344,309.2194824,240.5,114.16065979003906
28-09-23,169.44805908203125,142.3567657470703,310.05975341796875,246.3800048828125,113.46733856201172
29-09-23,169.9642791748047,139.87789916992188,312.14569091796875,250.22000122070312,111.67230987548828
02-10-23,172.4857940673828,138.67222595214844,318.1265869140625,251.60000610351562,109.82026672363281
03-10-23,171.14561462402344,137.64981079101562,309.8126525878906,246.52999877929688,110.01023864746094
04-10-23,172.39646911621094,138.26710510253906,315.3190002441406,261.1600036621094,105.89778900146484
05-10-23,173.6373748779297,138.8500977,315.7144775390625,260.04998779296875,103.51390838623047
06-10-23,176.19859313964844,140.98776245117188,323.5242919921875,260.5299987792969,101.78534698486328
09-10-23,177.6876678466797,140.6671142578125,326.0550537109375,259.6700134277344,105.34693145751953
10-10-23,177.09207153320312,141.5221710205078,324.6413879394531,263.6199951171875,104.9005355834961
11-10-23,178.49179077148438,142.00799560546875,328.6253967285156,262.9899902,101.1395034790039
12-10-23,179.3951873779297,141.67764282226562,327.3797607421875,258.8699951171875,101.12052154541016
13-10-23,177.54872131347656,143.80557250976562,323.9889221191406,251.1199951171875,104.34968566894531
16-10-23,177.41966247558594,143.6598358154297,328.8428649902344,253.9199981689453,104.42566680908203
17-10-23,175.86105346679688,143.34890747070312,328.2695007324219,254.85000610351562,105.79331970214844
18-10-23,174.5605926513672,141.77481079101562,326.34173583984375,242.67999267578125,107.2749252319336
19-10-23,174.18336486816406,141.1723633,327.5379333496094,220.11000061035156,107.34141540527344
20-10-23,171.6221466064453,138.89869689941406,322.9410705566406,211.99000549316406,105.49889373779297
23-10-23,171.74127197265625,137.00393676757812,325.560791,212.0800018310547,103.9507827758789
24-10-23,172.17808532714844,137.1691436767578,326.7569274902344,216.52000427246094,102.94403839111328
25-10-23,169.8551025390625,136.42095947265625,336.7812194824219,212.4199981689453,103.13399505615234
26-10-23,165.67572021484375,136.770752,324.1471252441406,205.75999450683594,102.19374084472656
27-10-23,166.99603271484375,131.84446716308594,326.045166,207.3000030517578,100.24674224853516
30-10-23,169.05096435546875,133.52540588378906,333.4595642089844,197.36000061035156,100.56015014648438
31-10-23,169.52749633789062,135.1189422607422,334.2503967285156,200.83999633789062,100.53166198730469
01-11-23,172.7042236328125,135.00234985351562,342.11956787109375,205.66000366210938,100.33220672607422
02-11-23,176.27801513671875,137.41204833984375,344.3439025878906,218.50999450683594,103.62786865234375
03-11-23,175.36471557617188,138.9472656,348.7727355957031,219.9600067138672,102.36469268798828
06-11-23,177.92591857910156,139.99667358398438,352.46014404296875,219.27000427246094,100.55067443847656
07-11-23,180.49710083007812,139.92864990234375,356.4144592285156,222.17999267578125,98.97406005859375
08-11-23,181.55931091308594,140.6185302734375,359.0539855957031,222.11000061035156,97.75837707519531
09-11-23,181.08279418945312,140.20071411132812,356.57269287109375,209.97999572753906,97.78687286376953
10-11-23,185.2875518798828,142.28005981445312,365.4501953,214.64999389648438,98.53717803955078
13-11-23,183.6970977783203,141.6484832763672,362.4942932128906,223.7100067138672,99.57241058
14-11-23,186.3213348388672,144.23312377929688,366.0433044433594,237.41000366210938,99.95578766
15-11-23,186.88795471191406,145.4962615966797,366.1919250488281,242.83999633789062,99.35197448730469
16-11-23,188.57778930664062,147.15780639648438,372.6307678222656,233.58999633789062,98.20184326171875
17-11-23,188.55792236328125,148.4889678955078,366.3702087402344,234.3000030517578,100.59794616699219
20-11-23,190.30740356445312,148.94564819335938,373.8887939453125,235.60000610351562,100.15706634521484
21-11-23,189.5022430419922,148.6347198486328,369.5599365234375,241.1999969482422,100.11872863769531
22-11-23,190.16824340820312,148.98452758789062,374.2949523925781,234.2100067138672,99.68743896484375
24-11-23,188.8362579345703,149.1885528564453,373.8788757324219,235.4499969482422,100.22415161132812
27-11-23,188.65731811523438,148.84848022460938,375.04779052734375,236.0800018310547,99.63950348
28-11-23,189.2636719,149.1885528564453,379.0993347167969,246.72000122070312,99.58199310302734
29-11-23,188.2398223876953,149.9464874267578,375.2855529785156,244.13999938964844,98.08682250976562
30-11-23,188.8163604736328,151.6565704345703,375.3449707,240.0800018310547,98.47020721435547
01-12-23,190.09866333007812,152.39505004882812,370.98638916015625,238.8300018310547,98.70981598
04-12-23,188.29946899414062,153.5124512,365.66693115234375,235.5800018310547,98.1730957
05-12-23,192.26564025878906,153.49302673339844,369.0151062011719,238.72000122070312,96.26579284667969
06-12-23,191.17222595214844,151.8800506591797,365.3300781,239.3699951171875,94.99107360839844
07-12-23,193.11058044433594,152.34646606445312,367.4598693847656,242.63999938964844,94.3297348
08-12-23,194.54197692871094,154.02743530273438,370.7089844,243.83999633789062,95.41278839111328
11-12-23,192.02706909179688,154.59100341796875,367.8065490722656,239.74000549316406,95.47986602783203
12-12-23,193.5479736328125,155.97076416015625,370.8576354980469,237.00999450683594,93.97512054
13-12-23,196.7785645,156.49545288085938,370.8476563,239.2899932861328,94.80896759033203
14-12-23,196.9276580810547,159.34242248535156,362.4870910644531,251.0500030517578,97.35841369628906
15-12-23,196.39089965820312,160.54727172851562,367.2419128417969,253.5,96.70668029785156
18-12-23,194.7209014892578,161.51893615722656,369.1438293457031,252.0800018310547,97.42551422
19-12-23,195.76466369628906,163.67599487304688,369.7480773925781,257.2200012207031,98.70981598
20-12-23,193.66725158691406,161.82986450195312,367.1329650878906,247.13999938964844,97.06130219
21-12-23,193.5181121826172,162.7529297,370.0254821777344,254.5,97.50218963623047
22-12-23,192.4445801,162.65577697753906,371.05572509765625,252.5399932861328,97.67471313476562
26-12-23,191.8978729248047,163.61769104003906,371.13494873046875,256.6099853515625,97.8951416
27-12-23,191.99728393554688,164.5990753173828,370.5505371,261.44000244140625,97.43509674072266
28-12-23,192.42471313476562,165.47357177734375,371.7491455078125,253.17999267578125,96.02618408203125
29-12-23,191.38095092773438,165.2792510986328,372.5019836425781,248.47999572753906,95.82491302490234
