Date,Predicted_Volatility,Actual_Volatility,Portfolio_Return,Index,BondIndex,Asset 1,Asset 2,Asset 3,Asset 4,Asset 5
2020-02-18,0.007273095095015908,0.007196569914238541,0.0012162288561142758,50,20,10,10,5,2.5,2.5
2020-02-19,0.007201876569603776,0.007211795155449837,0.007824561207324589,50,20,10,10,5,2.5,2.5
2020-02-20,0.0072030338527044,0.007234603755924201,-0.004445081485682525,50,20,10,10,5,2.5,2.5
2020-02-21,0.007455424972636475,0.007520557836948581,-0.01011868947944618,50,20,10,10,5,2.5,2.5
2020-02-24,0.009067704479837952,0.009778068601102611,-0.029824919672320264,50,20,10,10,5,2.5,2.5
2020-02-25,0.010726919600592766,0.011228227226619397,-0.02517079044069961,50,20,10,10,5,2.5,2.5
2020-02-26,0.011726723887423199,0.011122458497600742,-0.0020572956139432346,50,20,10,10,5,2.5,2.5
2020-02-27,0.012797662097144695,0.013653086960650831,-0.029340598203596784,30,50,5,5,5,2.5,2.5
2020-02-28,0.014292412159295808,0.013647701811086922,0.00013750562721293673,30,50,5,5,5,2.5,2.5
2020-02-03,0.01511283845437767,0.016162922041332677,0.027571323476352994,30,50,5,5,5,2.5,2.5
2020-03-03,0.016680234150416272,0.01680143699601473,-0.011432194903653513,30,50,5,5,5,2.5,2.5
2020-04-03,0.017759538896053067,0.018686092551041384,0.01697894731869206,30,50,5,5,5,2.5,2.5
2020-05-03,0.01953598426549579,0.01959881294875054,-0.016242830014141455,30,50,5,5,5,2.5,2.5
2020-06-03,0.020416968973943742,0.019746492370976466,-0.008632138453456787,30,50,5,5,5,2.5,2.5
2020-09-03,0.022487279602475034,0.02405564533949798,-0.04773920545828318,30,50,5,5,5,2.5,2.5
2020-10-03,0.025323689696100576,0.025928445072943666,0.02145835799687091,30,50,5,5,5,2.5,2.5
2020-11-03,0.02689785712616872,0.027109419670621197,-0.029531187589237513,30,50,5,5,5,2.5,2.5
2020-12-03,0.029789193639688512,0.03205406758954101,-0.07149297586927729,30,50,5,5,5,2.5,2.5
2020-03-13,0.035195809181978635,0.03667794042473788,0.051558121449917935,30,50,5,5,5,2.5,2.5
2020-03-16,0.03890885214210942,0.04282459529724974,-0.06230452431509537,30,50,5,5,5,2.5,2.5
2020-03-17,0.042731291587252924,0.04451291319612328,0.01229886401476681,30,50,5,5,5,2.5,2.5
2020-03-18,0.04509116457075111,0.045021361305025716,-0.055094595036798,30,50,5,5,5,2.5,2.5
2020-03-19,0.045204248745507325,0.04492845748986549,0.023319141574990165,30,50,5,5,5,2.5,2.5
2020-03-20,0.04518676259925042,0.04525188973075872,-0.014257634168312277,30,50,5,5,5,2.5,2.5
2020-03-23,0.04599293722902095,0.04533975220490622,-0.0012072795508469491,30,50,5,5,5,2.5,2.5
2020-03-24,0.04745684843810304,0.04897533341248185,0.053904046426739634,30,50,5,5,5,2.5,2.5
2020-03-25,0.04923699459222987,0.0490915992267707,0.014287823722585101,30,50,5,5,5,2.5,2.5
2020-03-26,0.04975945458547924,0.05069021094597572,0.027335158389723422,30,50,5,5,5,2.5,2.5
2020-03-27,0.050957951295905884,0.05089071556265156,-0.017562726879698305,30,50,5,5,5,2.5,2.5
2020-03-30,0.051267312789438926,0.05144301093954079,0.01491786578100028,30,50,5,5,5,2.5,2.5
2020-03-31,0.05162851655023783,0.051451036207146056,-0.00647588861574616,30,50,5,5,5,2.5,2.5
2020-01-04,0.05175132992442378,0.05180216085532306,-0.026170793238739706,30,50,5,5,5,2.5,2.5
2020-02-04,0.05225660248117416,0.052142683697047915,0.009730766476169309,30,50,5,5,5,2.5,2.5
2020-03-04,0.05251179082898165,0.052152603481542104,-0.004566384120331891,30,50,5,5,5,2.5,2.5
2020-06-04,0.053230011849858386,0.05381472570582603,0.03604560561052196,30,50,5,5,5,2.5,2.5
2020-07-04,0.05366815931201353,0.053622438608882834,0.003256281870150737,30,50,5,5,5,2.5,2.5
2020-08-04,0.05393149400880099,0.054091225929798745,0.015475933935674773,30,50,5,5,5,2.5,2.5
2020-09-04,0.053682365373087036,0.053625476098141917,0.016712455014546004,30,50,5,5,5,2.5,2.5
2020-04-13,0.0535687775956402,0.05363395210778193,-0.0009125793424415106,30,50,5,5,5,2.5,2.5
2020-04-14,0.053367833633041546,0.05324892354178027,0.015689302522619814,30,50,5,5,5,2.5,2.5
2020-04-15,0.0532137204153355,0.05315699074562215,-0.00770775402576823,30,50,5,5,5,2.5,2.5
2020-04-16,0.05277272672700681,0.052537973704883244,0.0023208360122298497,30,50,5,5,5,2.5,2.5
2020-04-17,0.05231289391728433,0.0524847254408816,0.014788287529340001,30,50,5,5,5,2.5,2.5
2020-04-20,0.05226278918810314,0.05249353014051319,-0.011231240724049369,30,50,5,5,5,2.5,2.5
2020-04-21,0.05127722049039999,0.05076229969200173,-0.017757011896609255,30,50,5,5,5,2.5,2.5
2020-04-22,0.050226944012621386,0.050133909205192825,0.013248184599432918,30,50,5,5,5,2.5,2.5
2020-04-23,0.049438467984560995,0.04926823781630048,-0.0007166706352540601,30,50,5,5,5,2.5,2.5
2020-04-24,0.04720335202213942,0.04548950382238781,0.007765227413189737,30,50,5,5,5,2.5,2.5
2020-04-27,0.044776162402957016,0.042676007435762844,0.009013632078631966,30,50,5,5,5,2.5,2.5
2020-04-28,0.03780113416143068,0.03501729497385695,-0.0022114977110477357,30,50,5,5,5,2.5,2.5
2020-04-29,0.033771640438652856,0.03384188344662204,0.015892712123690214,30,50,5,5,5,2.5,2.5
2020-04-30,0.032274242550583886,0.032142382890664796,-0.005653632116688257,30,50,5,5,5,2.5,2.5
2020-01-05,0.03282596556090464,0.03276964848237362,-0.018853535748669204,30,50,5,5,5,2.5,2.5
2020-04-05,0.032116267638825816,0.031400781113430226,0.0077452812917371775,30,50,5,5,5,2.5,2.5
2020-05-05,0.03152192067657316,0.030625531209695467,0.003576539651608998,30,50,5,5,5,2.5,2.5
2020-06-05,0.02945262678562165,0.026584683435865644,-0.003864685015744828,30,50,5,5,5,2.5,2.5
2020-07-05,0.02647469798055668,0.026584434274224467,0.0060194380468311616,30,50,5,5,5,2.5,2.5
2020-08-05,0.025687559341148157,0.02455733144809668,0.008917195483516388,30,50,5,5,5,2.5,2.5
2020-11-05,0.02385199301605881,0.02350904944467893,-0.0027525530623712198,30,50,5,5,5,2.5,2.5
2020-12-05,0.023154474221856725,0.02332906641082241,-0.008555391614665429,30,50,5,5,5,2.5,2.5
2020-05-13,0.022974775026111158,0.02337220689596716,-0.009715102876424207,30,50,5,5,5,2.5,2.5
2020-05-14,0.022188468770712056,0.021574967180641117,0.008379100303617694,30,50,5,5,5,2.5,2.5
2020-05-15,0.020877947223971648,0.021312071950972577,0.0006778974100360325,30,50,5,5,5,2.5,2.5
2020-05-18,0.020907774035266474,0.021530989882419315,0.015025724325795173,30,50,5,5,5,2.5,2.5
2020-05-19,0.019369316666763673,0.018219830940459494,-0.005222706044667333,30,50,5,5,5,2.5,2.5
2020-05-20,0.01816673501493063,0.018358414545432702,0.010148667344625373,30,50,5,5,5,2.5,2.5
2020-05-21,0.01786975023837189,0.017579382426205405,-0.0031056292492281676,30,50,5,5,5,2.5,2.5
2020-05-22,0.017357770739945284,0.017431381515936914,0.0001238016056243066,30,50,5,5,5,2.5,2.5
2020-05-26,0.017256592326678487,0.017375258604644953,0.006427133363163953,30,50,5,5,5,2.5,2.5
2020-05-27,0.017024694747535218,0.016752860073196076,0.008392084696807328,30,50,5,5,5,2.5,2.5
2020-05-28,0.016446213901577512,0.016131805595509717,-0.003370331736550734,30,50,5,5,5,2.5,2.5
2020-05-29,0.01596470886431557,0.01612648767523357,0.003965758065580854,30,50,5,5,5,2.5,2.5
2020-01-06,0.015692702458502673,0.01549904558295624,0.005775440208925201,30,50,5,5,5,2.5,2.5
2020-02-06,0.015224646428712584,0.015060754116079478,0.0033480715566762595,30,50,5,5,5,2.5,2.5
2020-03-06,0.0142580693058022,0.013726551424540224,0.006797420739737738,30,50,5,5,5,2.5,2.5
2020-04-06,0.013675328089584875,0.013349679746899844,-0.0034913737193589135,30,50,5,5,5,2.5,2.5
2020-05-06,0.013833612842135164,0.013930191768658116,0.015285557302695733,30,50,5,5,5,2.5,2.5
2020-08-06,0.014554200576099914,0.013891101431000266,0.009863035996432326,30,50,5,5,5,2.5,2.5
2020-09-06,0.014318647253843873,0.01392390668856258,-0.0029023013783361228,30,50,5,5,5,2.5,2.5
2020-10-06,0.015068620628329374,0.01392547249255552,0.0037505504413250295,30,50,5,5,5,2.5,2.5
2020-11-06,0.01632380407643767,0.01761718851640346,-0.03234650483593309,30,50,5,5,5,2.5,2.5
2020-12-06,0.01741993888259699,0.017651433341261166,0.004922786231208489,30,50,5,5,5,2.5,2.5
2020-06-15,0.017108395874472115,0.016757003339303807,0.008323558148241606,30,50,5,5,5,2.5,2.5
2020-06-16,0.01692384571587584,0.01701251787319979,0.007034024587600567,30,50,5,5,5,2.5,2.5
2020-06-17,0.01697982181369696,0.017018804584669384,-0.002987608772017705,30,50,5,5,5,2.5,2.5
2020-06-18,0.016953103806145845,0.016925193115512282,0.001723230343195314,30,50,5,5,5,2.5,2.5
2020-06-19,0.0168703301598445,0.016918710181358345,-0.0032050160691142093,30,50,5,5,5,2.5,2.5
2020-06-22,0.016811597407752548,0.0167219458707784,0.0031937734095626915,30,50,5,5,5,2.5,2.5
2020-06-23,0.016813278447488936,0.01672256807228888,0.003195821371100677,30,50,5,5,5,2.5,2.5
2020-06-24,0.01691073871543151,0.0170092159191788,-0.01439711952691309,30,50,5,5,5,2.5,2.5
2020-06-25,0.016776952813489523,0.01666677419568281,0.008199491566651746,30,50,5,5,5,2.5,2.5
2020-06-26,0.017002858368911373,0.017317693165339453,-0.013595705023793354,30,50,5,5,5,2.5,2.5
2020-06-29,0.01735623419834057,0.017471752232301067,0.00904013882182532,30,50,5,5,5,2.5,2.5
2020-06-30,0.01702738543863264,0.01679845177243355,0.010645311562628379,30,50,5,5,5,2.5,2.5
2020-01-07,0.01671174880421769,0.016649805188355637,0.0028264872911774822,30,50,5,5,5,2.5,2.5
2020-02-07,0.01657089310694318,0.016435197335428007,0.006530163805963225,30,50,5,5,5,2.5,2.5
2020-06-07,0.016450866594571917,0.01652652967666696,0.014154203742102387,30,50,5,5,5,2.5,2.5
2020-07-07,0.016647325317209877,0.01670659161125951,-0.004589721804817123,30,50,5,5,5,2.5,2.5
2020-08-07,0.016667030093088873,0.016633458016123197,0.0034332681159177656,30,50,5,5,5,2.5,2.5
2020-09-07,0.016564881071298942,0.016508754011279245,-0.0010523799112030741,30,50,5,5,5,2.5,2.5
2020-10-07,0.016565410107484732,0.01657904465316735,0.010974841452952022,30,50,5,5,5,2.5,2.5
2020-07-13,0.016689680576028033,0.016688976175994567,-0.005395589357540095,30,50,5,5,5,2.5,2.5
2020-07-14,0.016768713590132375,0.016830365511036866,0.007268670822975234,30,50,5,5,5,2.5,2.5
2020-07-15,0.016803672955515107,0.01684289533253922,0.004888622303840456,30,50,5,5,5,2.5,2.5
2020-07-16,0.016728204239766016,0.01670985397585066,-0.0035422140884602583,30,50,5,5,5,2.5,2.5
2020-07-17,0.01667697315926524,0.016692601477989448,-0.0003076125163230904,30,50,5,5,5,2.5,2.5
2020-07-20,0.016361312803964422,0.01609502507327964,0.00917557149763894,30,50,5,5,5,2.5,2.5
2020-07-21,0.01582107732946423,0.015953364290374666,-0.0002464235772502484,30,50,5,5,5,2.5,2.5
2020-07-22,0.01579917079363643,0.015908413337464202,0.0027281271348599187,30,50,5,5,5,2.5,2.5
2020-07-23,0.015828215483014777,0.016052590523699856,-0.008874506321526823,30,50,5,5,5,2.5,2.5
2020-07-24,0.01312847350349053,0.011249323546069974,-0.006189387602425134,30,50,5,5,5,2.5,2.5
2020-07-27,0.011136021956963444,0.011111372693299882,0.008494982100381774,50,20,10,10,5,2.5,2.5
2020-07-28,0.011166043293162217,0.011155547698723197,-0.006386034606869842,50,20,10,10,5,2.5,2.5
2020-07-29,0.011049683667495858,0.010872275784145591,0.011320251724916698,50,20,10,10,5,2.5,2.5
2020-07-30,0.01087081282179516,0.010874698582925625,-0.005857146903469998,50,20,10,10,5,2.5,2.5
2020-07-31,0.01087209430690812,0.01093283558778916,0.0047247075962497985,50,20,10,10,5,2.5,2.5
2020-03-08,0.01078804633416063,0.01088845696071496,0.011151102953724115,50,20,10,10,5,2.5,2.5
2020-04-08,0.010595853312321508,0.010860861054135909,0.0010467266761976322,50,20,10,10,5,2.5,2.5
2020-05-08,0.01084673954150128,0.010883359306850146,0.004619317664966391,50,20,10,10,5,2.5,2.5
2020-06-08,0.010006762714392688,0.009508858989199176,0.005998288377903987,50,20,10,10,5,2.5,2.5
2020-07-08,0.009319820295955475,0.009403198578529986,-0.0014889452346594245,50,20,10,10,5,2.5,2.5
2020-10-08,0.00873779317803721,0.007865707986347214,0.00021396565122242108,50,20,10,10,5,2.5,2.5
2020-11-08,0.00781595053664823,0.00786735415068319,-0.005889582555684122,50,20,10,10,5,2.5,2.5
2020-12-08,0.007724128364196511,0.007795661985531769,0.015488667702205026,50,20,10,10,5,2.5,2.5
2020-08-13,0.00783406594049352,0.007835681335765662,-0.0006521935663890653,50,20,10,10,5,2.5,2.5
2020-08-14,0.007790924365076926,0.007843739863495765,0.0008588986678959073,50,20,10,10,5,2.5,2.5
2020-08-17,0.007624075614589533,0.007433800562518381,0.004528087503401446,50,20,10,10,5,2.5,2.5
2020-08-18,0.007149664901635806,0.0070211117651210525,0.0020734762829119633,50,20,10,10,5,2.5,2.5
2020-08-19,0.007013619482050069,0.007057005196127761,-0.003360313849030762,50,20,10,10,5,2.5,2.5
2020-08-20,0.006977621374144312,0.006905172235485886,0.006370285692344853,50,20,10,10,5,2.5,2.5
2020-08-21,0.006908716263776899,0.0067409344132036975,0.0033952936365993338,50,20,10,10,5,2.5,2.5
2020-08-24,0.006724642111929849,0.006521103009728308,0.008146831432905163,50,20,10,10,5,2.5,2.5
2020-08-25,0.006368830019714943,0.006214538135005659,0.0023185354203116865,50,20,10,10,5,2.5,2.5
2020-08-26,0.006210948650345097,0.0062578543410626965,0.008673650891647535,50,20,10,10,5,2.5,2.5
2020-08-27,0.006293179454893719,0.00616007873160191,0.007283413703128332,50,20,10,10,5,2.5,2.5
2020-08-28,0.006216869184523636,0.0062039566244951,0.005039397772411546,50,20,10,10,5,2.5,2.5
2020-08-31,0.006164920734211306,0.006177068895142606,0.0015994075007268295,50,20,10,10,5,2.5,2.5
2020-01-09,0.006243248678560151,0.0062428545675702295,0.003145257565841364,50,20,10,10,5,2.5,2.5
2020-02-09,0.006524865308827649,0.006634500804483188,0.007757265241846084,50,20,10,10,5,2.5,2.5
2020-03-09,0.00836585352412624,0.009325133808295768,-0.03140427570290027,50,20,10,10,5,2.5,2.5
2020-04-09,0.009454382910860126,0.009392484786988233,-0.0029861343534103783,50,20,10,10,5,2.5,2.5
2020-08-09,0.010244426744449925,0.010835886580221254,-0.03710525272703118,50,20,10,10,5,2.5,2.5
2020-09-09,0.010999438185934584,0.01127677335159055,0.02108211244085526,50,20,10,10,5,2.5,2.5
2020-10-09,0.011539989985441392,0.011640129381553259,-0.013509498620729242,50,20,10,10,5,2.5,2.5
2020-11-09,0.011629603887701062,0.01160831648344804,0.0008704526326139862,50,20,10,10,5,2.5,2.5
2020-09-14,0.011670902128363303,0.011743361548184474,0.014899296747901625,50,20,10,10,5,2.5,2.5
2020-09-15,0.011737575199795701,0.011714205525404212,0.0043242540393834215,50,20,10,10,5,2.5,2.5
2020-09-16,0.011730350210253725,0.011748969571751693,-0.004403510281636947,50,20,10,10,5,2.5,2.5
2020-09-17,0.011680429888348111,0.01181673790132786,-0.0089002591015797,50,20,10,10,5,2.5,2.5
2020-09-18,0.011943381387795654,0.011940576156311411,-0.0063720454134743865,50,20,10,10,5,2.5,2.5
2020-09-21,0.011763183202265581,0.01211652461656692,-0.00681524755677082,50,20,10,10,5,2.5,2.5
2020-09-22,0.012104633903654816,0.012273304876869402,0.0010448355271442898,30,50,5,5,5,2.5,2.5
2020-09-23,0.012733945059682917,0.012942616204552782,-0.01809632866236046,30,50,5,5,5,2.5,2.5
2020-09-24,0.01277212792259826,0.01266017339402298,0.002709768985837736,30,50,5,5,5,2.5,2.5
2020-09-25,0.012937530831914248,0.01304191591430665,0.010098005918714724,30,50,5,5,5,2.5,2.5
2020-09-28,0.013328288665482189,0.013395266100179054,0.00976635378631009,30,50,5,5,5,2.5,2.5
2020-09-29,0.013438307195764164,0.013409271825474967,-0.0034923728983672028,30,50,5,5,5,2.5,2.5
2020-09-30,0.013467718069251795,0.013494594937029926,0.004459730903749318,30,50,5,5,5,2.5,2.5
2020-01-10,0.013489440145362101,0.01350784585478534,0.004641320768030015,30,50,5,5,5,2.5,2.5
2020-02-10,0.01353010214283157,0.013607966329781047,-0.009187782169513005,30,50,5,5,5,2.5,2.5
2020-05-10,0.013833792600156441,0.01399421094332727,0.008368557046052801,30,50,5,5,5,2.5,2.5
2020-06-10,0.01416349764137891,0.014097614696075483,-0.00776900051055863,30,50,5,5,5,2.5,2.5
2020-07-10,0.014247481748308003,0.014456533932529145,0.008493281203815272,30,50,5,5,5,2.5,2.5
2020-08-10,0.014101595500517268,0.014408243782310893,0.005555924624212079,30,50,5,5,5,2.5,2.5
2020-09-10,0.014430585600043738,0.014499538969011695,0.004694185727132082,30,50,5,5,5,2.5,2.5
2020-12-10,0.014630178152423014,0.014756953994458411,0.010155743398893639,30,50,5,5,5,2.5,2.5
2020-10-13,0.014708605988020507,0.014799749497546505,-0.0027396635267109906,30,50,5,5,5,2.5,2.5
2020-10-14,0.014752818500735015,0.014781580877308204,-0.0008452426431983084,30,50,5,5,5,2.5,2.5
2020-10-15,0.014644730860305058,0.014485031892830048,-0.0016572733620500784,30,50,5,5,5,2.5,2.5
2020-10-16,0.013379078796828214,0.012904416102345134,-0.0019614590193880056,30,50,5,5,5,2.5,2.5
2020-10-19,0.012994616965296149,0.013177672695630046,-0.009802838209335205,30,50,5,5,5,2.5,2.5
2020-10-20,0.012449089060077386,0.012077035100822402,0.0008687360876289334,30,50,5,5,5,2.5,2.5
2020-10-21,0.011808421669559399,0.011550460533443755,-0.0027261301736566735,50,20,10,10,5,2.5,2.5
2020-10-22,0.01119885018050553,0.011060006829120584,0.0071385556984801014,50,20,10,10,5,2.5,2.5
2020-10-23,0.011160750108830856,0.011067400171567411,0.0022605747855762386,50,20,10,10,5,2.5,2.5
2020-10-26,0.011342220910867163,0.011428357361816908,-0.015141738404049147,50,20,10,10,5,2.5,2.5
2020-10-27,0.01161028076575838,0.011402140279835552,-0.0010086037699338,50,20,10,10,5,2.5,2.5
2020-10-28,0.012240196119219478,0.01313110965465989,-0.01986846306909088,30,50,5,5,5,2.5,2.5
2020-10-29,0.013129760436221492,0.013265033093437744,0.006079199065065115,30,50,5,5,5,2.5,2.5
2020-10-30,0.013280275558077996,0.013292998315075993,-0.009692754002752739,30,50,5,5,5,2.5,2.5
2020-02-11,0.01326306536560582,0.013318069416921492,0.008247325437439312,30,50,5,5,5,2.5,2.5
2020-03-11,0.013504711335409224,0.013569226601904558,0.010422772462545613,30,50,5,5,5,2.5,2.5
2020-04-11,0.013414690697866199,0.013287108012427058,0.011183981115785026,30,50,5,5,5,2.5,2.5
2020-05-11,0.013496238882151457,0.01365386879945059,0.012640381618776597,30,50,5,5,5,2.5,2.5
2020-06-11,0.013643143954889721,0.013430085894141212,-0.003024652668924333,30,50,5,5,5,2.5,2.5
2020-09-11,0.013346804589098147,0.013297487055771573,0.007747692965426687,30,50,5,5,5,2.5,2.5
2020-10-11,0.013229390076858588,0.013252210842892662,-0.003950253019311567,30,50,5,5,5,2.5,2.5
2020-11-11,0.013210223364339795,0.013243047855546983,0.004436015671331348,30,50,5,5,5,2.5,2.5
2020-12-11,0.013430742810235072,0.013406874344851025,-0.0033744470220032205,30,50,5,5,5,2.5,2.5
2020-11-13,0.01333297237759647,0.013410208128238937,0.004909608667952977,30,50,5,5,5,2.5,2.5
2020-11-16,0.013249461826540423,0.013207980272672316,0.0065573184874528935,30,50,5,5,5,2.5,2.5
2020-11-17,0.01297760220046865,0.012922712848274545,0.002515594463967801,30,50,5,5,5,2.5,2.5
2020-11-18,0.012867522972656791,0.012852319417992997,-0.0005791068087000954,30,50,5,5,5,2.5,2.5
2020-11-19,0.012819023227613208,0.01280225712763158,0.004101364984554086,30,50,5,5,5,2.5,2.5
2020-11-20,0.012775344392959432,0.01280442980412662,-0.004009240867803211,30,50,5,5,5,2.5,2.5
2020-11-23,0.01265276774935243,0.012503204396481197,0.006932706812785896,30,50,5,5,5,2.5,2.5
2020-11-24,0.012611537646450234,0.012751927705862158,0.012290090516907009,30,50,5,5,5,2.5,2.5
2020-11-25,0.012690578356501909,0.012678498134344001,-4.049424728868776e-05,30,50,5,5,5,2.5,2.5
2020-11-27,0.01267985647427131,0.0126683224051471,0.002300449617857205,30,50,5,5,5,2.5,2.5
2020-11-30,0.012718330293168186,0.01271479688833193,-0.004741218850417754,30,50,5,5,5,2.5,2.5
2020-01-12,0.012508240987119681,0.012381508631223156,0.005547721324380136,30,50,5,5,5,2.5,2.5
2020-02-12,0.012377386178867729,0.012372653971221488,0.00035119945521054223,30,50,5,5,5,2.5,2.5
2020-03-12,0.012370615593645835,0.012357048975678681,0.0023231753408754,30,50,5,5,5,2.5,2.5
2020-04-12,0.012396059151864258,0.012404780375878147,0.0029915011871588498,30,50,5,5,5,2.5,2.5
2020-07-12,0.01229135588419937,0.012426429085269818,0.0032557989684874637,30,50,5,5,5,2.5,2.5
2020-08-12,0.012032702775311533,0.011784347379964312,0.003868053707382524,50,20,10,10,5,2.5,2.5
2020-09-12,0.011720200067606181,0.011903296889857586,-0.010849106982257361,50,20,10,10,5,2.5,2.5
2020-10-12,0.01035206607327799,0.009460255902819105,0.0014263031232070412,50,20,10,10,5,2.5,2.5
2020-11-12,0.00933850210985337,0.009378202843460406,-0.0013808445291048181,50,20,10,10,5,2.5,2.5
2020-12-14,0.009107490382267014,0.009031938488189999,-0.0015820899827683238,50,20,10,10,5,2.5,2.5
2020-12-15,0.008989558977830499,0.009052125898932442,0.009384185401661183,50,20,10,10,5,2.5,2.5
2020-12-16,0.008802416401109531,0.008662249773699898,0.003000391374161304,50,20,10,10,5,2.5,2.5
2020-12-17,0.008086939445818756,0.007933903672192554,0.004732569206781439,50,20,10,10,5,2.5,2.5
2020-12-18,0.00751953480022327,0.007351858847045191,-0.0006729509975672767,50,20,10,10,5,2.5,2.5
2020-12-21,0.0073370640054195415,0.007417523064018612,3.112405615460624e-05,50,20,10,10,5,2.5,2.5
2020-12-22,0.007252472759528929,0.007204821996785041,-0.0021408453703412335,50,20,10,10,5,2.5,2.5
2020-12-23,0.007171948034241083,0.007188128200340021,0.0022633772078696013,50,20,10,10,5,2.5,2.5
2020-12-24,0.0071387902967614825,0.007102944038036807,0.0035883024803518874,50,20,10,10,5,2.5,2.5
2020-12-28,0.007002451561107858,0.00690216373532631,0.007127192427048472,50,20,10,10,5,2.5,2.5
2020-12-29,0.006746383741307497,0.006572657598677707,-0.0021506434903089088,50,20,10,10,5,2.5,2.5
2020-12-30,0.006355688716468316,0.006279361134933891,0.0020615630422085468,50,20,10,10,5,2.5,2.5
2020-12-31,0.006435758675454904,0.006258861837820312,0.0054044723190072716,50,20,10,10,5,2.5,2.5
2021-04-01,0.006489315675336188,0.00651241130219218,-0.009562248759760444,50,20,10,10,5,2.5,2.5
2021-05-01,0.006570756461290315,0.0065818556566253905,0.005812918954248807,50,20,10,10,5,2.5,2.5
2021-06-01,0.006431886648842139,0.006443276023873633,0.004995824773407569,50,20,10,10,5,2.5,2.5
2021-07-01,0.006706221388093592,0.006835738708922587,0.01805827490871598,50,20,10,10,5,2.5,2.5
2021-08-01,0.006555180903455586,0.006344907470249371,0.007482601141322374,50,20,10,10,5,2.5,2.5
2021-11-01,0.0066116465557621565,0.00649739253833267,-0.0070187233685892626,50,20,10,10,5,2.5,2.5
2021-12-01,0.006494548448145184,0.0064983115021223494,0.0035723343199515196,50,20,10,10,5,2.5,2.5
2021-01-13,0.00644381805205029,0.006397484629963238,0.003489067178385795,50,20,10,10,5,2.5,2.5
2021-01-14,0.006360882212480939,0.006210430628826098,-0.003214047405014643,50,20,10,10,5,2.5,2.5
2021-01-15,0.006310104400795538,0.006395334169801577,-0.0080910216402427,50,20,10,10,5,2.5,2.5
2021-01-19,0.0065240348574385435,0.006521362054669915,0.007384473429900155,50,20,10,10,5,2.5,2.5
2021-01-20,0.006727821706466978,0.006784106316413789,0.010517768330385598,50,20,10,10,5,2.5,2.5
2021-01-21,0.00673029926497646,0.006758891261198359,-0.0008421390256066402,50,20,10,10,5,2.5,2.5
2021-01-22,0.006705183005854253,0.006801446763832569,-0.0017069512487269231,50,20,10,10,5,2.5,2.5
2021-01-25,0.0066354304059584425,0.006585933356726152,0.0050111887514090285,50,20,10,10,5,2.5,2.5
2021-01-26,0.006549030224854217,0.006589138488843491,-0.0003934623666660605,50,20,10,10,5,2.5,2.5
2021-01-27,0.007544254224867411,0.008290936749644956,-0.017173852945835746,50,20,10,10,5,2.5,2.5
2021-01-28,0.008350522890177636,0.008387160185872959,0.00682856993119185,50,20,10,10,5,2.5,2.5
2021-01-29,0.008714471378865931,0.00890893759206493,-0.018242545846128975,50,20,10,10,5,2.5,2.5
2021-01-02,0.009206875530748898,0.009359630327071617,0.015438808898191037,50,20,10,10,5,2.5,2.5
2021-02-02,0.00954678351851679,0.00962290369000428,0.012043222445232624,50,20,10,10,5,2.5,2.5
2021-03-02,0.009556605391895755,0.009586395527538918,0.0025690065744517817,50,20,10,10,5,2.5,2.5
2021-04-02,0.0095668585393402,0.009698301164744544,0.008014068265437456,50,20,10,10,5,2.5,2.5
2021-05-02,0.00968783141914565,0.009682375657689842,0.0024493182869037324,50,20,10,10,5,2.5,2.5
2021-08-02,0.009716892888522255,0.009733954210265194,0.007289573321313099,50,20,10,10,5,2.5,2.5
2021-09-02,0.009759281715284934,0.0097453395273486,-0.0016116159740585602,50,20,10,10,5,2.5,2.5
2021-10-02,0.009738704209106221,0.009665222613838578,-0.0028901810372428537,50,20,10,10,5,2.5,2.5
2021-11-02,0.009644020712965795,0.009639210321489407,0.0007379445202999839,50,20,10,10,5,2.5,2.5
2021-12-02,0.009631650135298155,0.009654970842386038,0.004160494746468965,50,20,10,10,5,2.5,2.5
2021-02-16,0.009575206898655689,0.009623046537513304,-0.0002790367538772874,50,20,10,10,5,2.5,2.5
2021-02-17,0.009315642323666317,0.009121872401589792,0.0010435875928677812,50,20,10,10,5,2.5,2.5
2021-02-18,0.00910300180333045,0.009143908519935701,-0.003438800064033012,50,20,10,10,5,2.5,2.5
2021-02-19,0.009163213366302986,0.00913218562927885,-0.0012462345089305612,50,20,10,10,5,2.5,2.5
2021-02-22,0.009059429706938753,0.008918856625989902,-0.010606999174236739,50,20,10,10,5,2.5,2.5
2021-02-23,0.009080274535308526,0.008872952605938744,0.00015661308556474954,50,20,10,10,5,2.5,2.5
2021-02-24,0.008959705212823507,0.008981115415864417,0.01150047773379072,50,20,10,10,5,2.5,2.5
2021-02-25,0.009708710032572239,0.010148480517980457,-0.023505802829249755,50,20,10,10,5,2.5,2.5
2021-02-26,0.01018710672802412,0.010181244032401044,-0.0030506297641230747,50,20,10,10,5,2.5,2.5
2021-01-03,0.010830788447519404,0.011016189832484091,0.021141021927545797,50,20,10,10,5,2.5,2.5
2021-02-03,0.011086438806925137,0.011040245623784136,-0.008604420676871843,50,20,10,10,5,2.5,2.5
2021-03-03,0.011159068035846893,0.011241614773873605,-0.011028579487208059,50,20,10,10,5,2.5,2.5
2021-04-03,0.011250346804366875,0.011204696075110447,-0.011184838639837873,50,20,10,10,5,2.5,2.5
2021-05-03,0.011661505185231518,0.011787206657484724,0.011139974780822388,50,20,10,10,5,2.5,2.5
2021-08-03,0.01182722895362593,0.011815176702788966,-0.00809397273846086,50,20,10,10,5,2.5,2.5
2021-09-03,0.011978710244590485,0.012081476862957595,0.01941767587831714,50,20,10,10,5,2.5,2.5
2021-10-03,0.012042037851188361,0.01212343537603387,0.00501955516195455,50,20,10,10,5,2.5,2.5
2021-11-03,0.011549909421261719,0.011169206294100687,0.009165031064646108,50,20,10,10,5,2.5,2.5
2021-12-03,0.011176803752484468,0.011064682330333003,-0.00038152013940992847,50,20,10,10,5,2.5,2.5
2021-03-15,0.010730211312353783,0.010371785640928546,0.0035182561037437115,50,20,10,10,5,2.5,2.5
2021-03-16,0.010046654542432911,0.010061335770385607,-0.003294929658496824,50,20,10,10,5,2.5,2.5
2021-03-17,0.009936580483605226,0.009799775959821113,0.003918114610093262,50,20,10,10,5,2.5,2.5
2021-03-18,0.01018758939289457,0.010233259079457017,-0.0148311465624744,50,20,10,10,5,2.5,2.5
2021-03-19,0.010084026571442908,0.01005691947071862,-0.002030919614543675,50,20,10,10,5,2.5,2.5
2021-03-22,0.010096326546532763,0.010110522817309762,0.005164345988475365,50,20,10,10,5,2.5,2.5
2021-03-23,0.010116289550563788,0.010128520183896724,-0.004726264538793313,50,20,10,10,5,2.5,2.5
2021-03-24,0.01012448284640719,0.01017573525746438,-0.005089741922708111,50,20,10,10,5,2.5,2.5
2021-03-25,0.010268195871868484,0.010223517626519142,0.003276644390147742,50,20,10,10,5,2.5,2.5
2021-03-26,0.010443318034864688,0.010656311860343182,0.010409354459522334,50,20,10,10,5,2.5,2.5
2021-03-29,0.010645816755377251,0.010628938436403657,-0.0035608163658116996,50,20,10,10,5,2.5,2.5
2021-03-30,0.010665950047022558,0.010646833133815191,-0.0003711945419974112,50,20,10,10,5,2.5,2.5
2021-03-31,0.010680064410744738,0.010664193854748922,0.004614337655202399,50,20,10,10,5,2.5,2.5
2021-01-04,0.010750055041250322,0.0108223383008342,0.010666651766038615,50,20,10,10,5,2.5,2.5
2021-05-04,0.01080158421217269,0.011081290283802827,0.01238553473487685,50,20,10,10,5,2.5,2.5
2021-06-04,0.011005039082655939,0.010955699939239623,-0.0009460148005934016,50,20,10,10,5,2.5,2.5
2021-07-04,0.010898542768524947,0.01095549713317737,0.001723535710407891,50,20,10,10,5,2.5,2.5
2021-08-04,0.010845697890531844,0.010816431664774459,0.0052119521631124825,50,20,10,10,5,2.5,2.5
2021-09-04,0.010059529191814026,0.009666740642633145,0.0053288964063525875,50,20,10,10,5,2.5,2.5
2021-12-04,0.00965192241283907,0.009583903746203524,0.0009724373846971042,50,20,10,10,5,2.5,2.5
2021-04-13,0.009125396853841956,0.008740937683335007,0.006843121854259116,50,20,10,10,5,2.5,2.5
2021-04-14,0.008555762526598898,0.008610641067198494,-0.006972049419401995,50,20,10,10,5,2.5,2.5
2021-04-15,0.00837139374846414,0.008256167973987046,0.009217477359966062,50,20,10,10,5,2.5,2.5
2021-04-16,0.007973221483205548,0.007650372909865512,0.0023534670727824746,50,20,10,10,5,2.5,2.5
2021-04-19,0.007292340768918635,0.007203726554254145,-0.0056950685401877385,50,20,10,10,5,2.5,2.5
2021-04-20,0.0072083037817813585,0.007264303885362534,-0.0060742640985595115,50,20,10,10,5,2.5,2.5
2021-04-21,0.007164746384656987,0.007054015596076223,0.00867466687552789,50,20,10,10,5,2.5,2.5
2021-04-22,0.007256704512865888,0.007334643162007524,-0.010310797357177626,50,20,10,10,5,2.5,2.5
2021-04-23,0.007354915353032897,0.007356033509992288,0.010083463710418177,50,20,10,10,5,2.5,2.5
2021-04-26,0.007330931594408342,0.007353904662574978,0.0018383679069517995,50,20,10,10,5,2.5,2.5
2021-04-27,0.007308075909996741,0.007315054414566956,-0.0020337030378911993,50,20,10,10,5,2.5,2.5
2021-04-28,0.007251110077406918,0.007304790313053612,-0.002689445807715221,50,20,10,10,5,2.5,2.5
2021-04-29,0.00726581930683172,0.007358204066600619,0.0034492855668974824,50,20,10,10,5,2.5,2.5
2021-04-30,0.00704595815144432,0.006872289714566787,-0.0031972873352310066,50,20,10,10,5,2.5,2.5
2021-03-05,0.006893868415804215,0.00685254929442269,0.0002049732276641991,50,20,10,10,5,2.5,2.5
2021-04-05,0.0070606269136750995,0.006983801612860724,-0.004937706307596383,50,20,10,10,5,2.5,2.5
2021-05-05,0.0068523752103256666,0.006754516984499289,0.0018698828291980375,50,20,10,10,5,2.5,2.5
2021-06-05,0.006625147573354947,0.006682952596775448,0.007407615687674462,50,20,10,10,5,2.5,2.5
2021-07-05,0.006774099564013615,0.00672302737854906,0.0061985254093157765,50,20,10,10,5,2.5,2.5
2021-10-05,0.006619212093810333,0.0066106725867065156,-0.011609900055890682,50,20,10,10,5,2.5,2.5
2021-11-05,0.006785927017552751,0.0068677833549301084,-0.008798587650798358,50,20,10,10,5,2.5,2.5
2021-12-05,0.0076678548736679245,0.008033479569473832,-0.017974068220989684,50,20,10,10,5,2.5,2.5
2021-05-13,0.00819159214509764,0.008279094547839708,0.009285237646495192,50,20,10,10,5,2.5,2.5
2021-05-14,0.008358972045299623,0.008431247277993138,0.01414407718408989,50,20,10,10,5,2.5,2.5
2021-05-17,0.008151847249575244,0.008084049770279449,-0.003005930208205327,50,20,10,10,5,2.5,2.5
2021-05-18,0.00812136009097214,0.008254524191942659,-0.007711775515739546,50,20,10,10,5,2.5,2.5
2021-05-19,0.008204381245763767,0.008274839811534774,-0.004176093036024979,50,20,10,10,5,2.5,2.5
2021-05-20,0.008379553439578231,0.008455242405174626,0.009620155235812064,50,20,10,10,5,2.5,2.5
2021-05-21,0.008336950282229964,0.008347623235812798,-0.0005493704192605481,50,20,10,10,5,2.5,2.5
2021-05-24,0.008447458227861191,0.00853043013291869,0.010700344159376535,50,20,10,10,5,2.5,2.5
2021-05-25,0.008515872167750859,0.008527846032666314,-0.0019962316302447273,50,20,10,10,5,2.5,2.5
2021-05-26,0.008452672712945399,0.008489550396473311,0.002224195283328945,50,20,10,10,5,2.5,2.5
2021-05-27,0.008308877045850158,0.008258250793721002,0.001477197150349768,50,20,10,10,5,2.5,2.5
2021-05-28,0.008181459980006836,0.008234669333929238,-0.0001978883537338434,50,20,10,10,5,2.5,2.5
2021-01-06,0.00814602167050556,0.008171035910089927,0.0005472644100797579,50,20,10,10,5,2.5,2.5
2021-02-06,0.008130111419970137,0.0080607991901635,-0.00022321720591539595,50,20,10,10,5,2.5,2.5
2021-03-06,0.007953090948658181,0.007924796395409791,-0.005817270291707613,50,20,10,10,5,2.5,2.5
2021-04-06,0.007827521640243005,0.007870843742008566,0.010245940103585389,50,20,10,10,5,2.5,2.5
2021-07-06,0.007763466545488642,0.007638739336463636,0.0005327603727698818,50,20,10,10,5,2.5,2.5
2021-08-06,0.007634672373915048,0.00763412046871495,4.1886349211417906e-05,50,20,10,10,5,2.5,2.5
2021-09-06,0.0076453443488546415,0.007643626124132997,-0.0014806956635714593,50,20,10,10,5,2.5,2.5
2021-10-06,0.00767593932838654,0.007681801336697274,0.003372091266839356,50,20,10,10,5,2.5,2.5
2021-11-06,0.0076340136135163075,0.00759568083838504,0.0010639066261890638,50,20,10,10,5,2.5,2.5
2021-06-14,0.007488495610187057,0.0074658859347589614,0.0006660383609256062,50,20,10,10,5,2.5,2.5
2021-06-15,0.00748789435773555,0.007468962565866018,-0.0038123613865455545,50,20,10,10,5,2.5,2.5
2021-06-16,0.007463442054272946,0.007429965676954694,-0.00256079080327171,50,20,10,10,5,2.5,2.5
2021-06-17,0.007475704802468931,0.007431638819326138,-0.0007243338988335577,50,20,10,10,5,2.5,2.5
2021-06-18,0.007574739469215008,0.00768625823058487,-0.009557070000828484,50,20,10,10,5,2.5,2.5
2021-06-21,0.007897282957177785,0.00799764085341533,0.010381273310690371,50,20,10,10,5,2.5,2.5
2021-06-22,0.007882265196538093,0.0078009479454201535,0.004730252458468969,50,20,10,10,5,2.5,2.5
2021-06-23,0.007718500902099711,0.00761381418679074,0.0025656844763356085,50,20,10,10,5,2.5,2.5
2021-06-24,0.0069526988858341346,0.006379469256383141,0.006202813823996217,50,20,10,10,5,2.5,2.5
2021-06-25,0.006142283551464927,0.006076810602250559,0.0010487966787085389,50,20,10,10,5,2.5,2.5
2021-06-28,0.005815278143217263,0.00552475773517023,0.004201943748165566,50,20,10,10,5,2.5,2.5
2021-06-29,0.005519331250809239,0.005487893053222523,0.0006613778654682848,50,20,10,10,5,2.5,2.5
2021-06-30,0.005351630900554128,0.005181885958939777,0.0017425131035553887,50,20,10,10,5,2.5,2.5
2021-01-07,0.005216749837145709,0.005162937058989227,0.0037327979204013467,50,20,10,10,5,2.5,2.5
2021-02-07,0.005063634941663936,0.005010630448836634,0.0067987364385106675,50,20,10,10,5,2.5,2.5
2021-06-07,0.00499628911294808,0.005035286327420474,-0.003862219122170061,50,20,10,10,5,2.5,2.5
2021-07-07,0.004895969132828616,0.004795832757887168,0.0018593989867777053,50,20,10,10,5,2.5,2.5
2021-08-07,0.0050251447014582505,0.005089703310508401,-0.0064300273361398595,50,20,10,10,5,2.5,2.5
2021-09-07,0.005240826254847552,0.005417643793634724,0.00937789473459141,50,20,10,10,5,2.5,2.5
2021-12-07,0.005453139991737633,0.005430922566711715,0.0048116052341097715,50,20,10,10,5,2.5,2.5
2021-07-13,0.0054540771782641655,0.005504882477634074,-0.003571419320428419,50,20,10,10,5,2.5,2.5
2021-07-14,0.005487635408943347,0.005494747652077407,0.00034692644324784056,50,20,10,10,5,2.5,2.5
2021-07-15,0.005497084700157192,0.005558608820709127,-0.002079072809581371,50,20,10,10,5,2.5,2.5
2021-07-16,0.005735234491585944,0.005720130975635527,-0.007914072202567827,50,20,10,10,5,2.5,2.5
2021-07-19,0.006003304604128655,0.006321945007816862,-0.012996916987548696,50,20,10,10,5,2.5,2.5
2021-07-20,0.00684231566269871,0.006871694961664539,0.012021018995369809,50,20,10,10,5,2.5,2.5
2021-07-21,0.006964402287399973,0.007003647001833146,0.006541017128968542,50,20,10,10,5,2.5,2.5
2021-07-22,0.00698917610987264,0.00698490307644469,0.001366459807236027,50,20,10,10,5,2.5,2.5
2021-07-23,0.007057341492102478,0.0071479737180032785,0.005755611641412889,50,20,10,10,5,2.5,2.5
2021-07-26,0.007180702914423251,0.007149696931050108,0.00326168387504379,50,20,10,10,5,2.5,2.5
2021-07-27,0.0072175884496286395,0.007234037479586191,-0.004542028601030611,50,20,10,10,5,2.5,2.5
2021-07-28,0.0071436923940425626,0.007214347206743538,0.00018055863224244968,50,20,10,10,5,2.5,2.5
2021-07-29,0.007144526905556725,0.007124219006367099,0.0054335209475964525,50,20,10,10,5,2.5,2.5
2021-07-30,0.007160563196057616,0.007228486169607659,-0.003616681945787432,50,20,10,10,5,2.5,2.5
2021-02-08,0.006917185071724697,0.00671933156699522,0.0006225914035035708,50,20,10,10,5,2.5,2.5
2021-03-08,0.0064866481810584645,0.006436338737763963,0.006676068507920768,50,20,10,10,5,2.5,2.5
2021-04-08,0.006537123198737854,0.006495264787538279,-0.004214263242914589,50,20,10,10,5,2.5,2.5
2021-05-08,0.006518826658926717,0.00653753698401816,0.0052840941245165035,50,20,10,10,5,2.5,2.5
2021-06-08,0.006542516940958928,0.006485979010346179,0.00178950750613803,50,20,10,10,5,2.5,2.5
2021-09-08,0.006486673057974489,0.0064868674080809695,-0.0005899744393506452,50,20,10,10,5,2.5,2.5
2021-10-08,0.006500443503180164,0.006483260917312579,0.0008737798412708213,50,20,10,10,5,2.5,2.5
2021-11-08,0.0064866515247922925,0.006481366588212019,0.0021563292369604055,50,20,10,10,5,2.5,2.5
2021-12-08,0.0064976039201740075,0.006504293667038625,0.004934681769439191,50,20,10,10,5,2.5,2.5
2021-08-13,0.006538457916673208,0.006461690096376951,0.0008752267447372131,50,20,10,10,5,2.5,2.5
2021-08-16,0.006476859679327931,0.006357155746954824,-0.0008916976143555845,50,20,10,10,5,2.5,2.5
2021-08-17,0.0065404991381474995,0.006504589287511742,-0.007269086797925639,50,20,10,10,5,2.5,2.5
2021-08-18,0.006686432131063101,0.006818552499877166,-0.006374058163605989,50,20,10,10,5,2.5,2.5
2021-08-19,0.006587604816665446,0.006608204952005189,0.0003337325473112742,50,20,10,10,5,2.5,2.5
2021-08-20,0.0065233360803256145,0.006459613458385302,0.007640652770459629,50,20,10,10,5,2.5,2.5
2021-08-23,0.00654259535456462,0.006601702478666276,0.008752038916240091,50,20,10,10,5,2.5,2.5
2021-08-24,0.006511981443024538,0.006554051289391707,0.0007467968961745561,50,20,10,10,5,2.5,2.5
2021-08-25,0.006562619416586578,0.006558441405309451,0.002592257265396326,50,20,10,10,5,2.5,2.5
2021-08-26,0.006574392310693587,0.00663150476302858,-0.004550654419268718,50,20,10,10,5,2.5,2.5
2021-08-27,0.006637859513185317,0.006588743509170822,0.007367630606197506,50,20,10,10,5,2.5,2.5
2021-08-30,0.0062201416047177336,0.005729454821215133,0.0038321554602428936,50,20,10,10,5,2.5,2.5
2021-08-31,0.005549368422026294,0.0052049178977351795,-0.0020137695048795153,50,20,10,10,5,2.5,2.5
2021-01-09,0.005143077609234142,0.005051644500891374,-0.00028628965082629185,50,20,10,10,5,2.5,2.5
2021-02-09,0.005026288147296642,0.005058228635552989,0.0025348792778664784,50,20,10,10,5,2.5,2.5
2021-03-09,0.004878641992153368,0.004781590665798176,-0.0010316025235019746,50,20,10,10,5,2.5,2.5
2021-07-09,0.004906259297960584,0.004836963667192904,-0.00119177236707135,50,20,10,10,5,2.5,2.5
2021-08-09,0.004827557692167091,0.0047436782791407716,-0.001188518069556053,50,20,10,10,5,2.5,2.5
2021-09-09,0.004916796156943446,0.004844669366407554,-0.0023103657949417,50,20,10,10,5,2.5,2.5
2021-10-09,0.00495570172029247,0.005034279053297441,-0.008087737850458123,50,20,10,10,5,2.5,2.5
2021-09-13,0.004961593021270627,0.004927862972816961,0.0045915586239933725,50,20,10,10,5,2.5,2.5
2021-09-14,0.005050508542427562,0.005044158730495691,-0.0037554280725989697,50,20,10,10,5,2.5,2.5
2021-09-15,0.005028893295020791,0.005058588692981904,0.008123197930466472,50,20,10,10,5,2.5,2.5
2021-09-16,0.004970638905132148,0.004982587098752822,-0.0012648636557269176,50,20,10,10,5,2.5,2.5
2021-09-17,0.005095176703118169,0.005174228589184097,-0.007372346297021598,50,20,10,10,5,2.5,2.5
2021-09-20,0.005826792435091789,0.006034747738422509,-0.016279855717643125,50,20,10,10,5,2.5,2.5
2021-09-21,0.006056612814835148,0.006034542502919119,0.0005515809363468182,50,20,10,10,5,2.5,2.5
2021-09-22,0.006164427739664353,0.0063040798149921196,0.009959181878975142,50,20,10,10,5,2.5,2.5
2021-09-23,0.006665036760487353,0.006693217583137452,0.009812194176542402,50,20,10,10,5,2.5,2.5
2021-09-24,0.006695967385741657,0.0066545562744212425,0.00305673155932703,50,20,10,10,5,2.5,2.5
2021-09-27,0.006725401185594893,0.006665321199203763,0.0005249193796860186,50,20,10,10,5,2.5,2.5
2021-09-28,0.007290911119458602,0.007607289303763428,-0.016571715885663495,50,20,10,10,5,2.5,2.5
2021-09-29,0.007576666726091162,0.007530653717917064,0.0013996733695765705,50,20,10,10,5,2.5,2.5
2021-09-30,0.007589373297460203,0.007588001662436243,-0.0091865793838832,50,20,10,10,5,2.5,2.5
2021-01-10,0.0077638579150893896,0.00789963655271845,0.011983942960809395,50,20,10,10,5,2.5,2.5
2021-04-10,0.007969021012173895,0.008060456283574866,-0.008771582484203035,50,20,10,10,5,2.5,2.5
2021-05-10,0.008114241963052738,0.008149181833556299,0.008610915734301158,50,20,10,10,5,2.5,2.5
2021-06-10,0.00818968027660725,0.008190463044735169,0.003675461402466245,50,20,10,10,5,2.5,2.5
2021-07-10,0.00833698917110777,0.008343407539618965,0.005781394537625949,50,20,10,10,5,2.5,2.5
2021-08-10,0.008266469962942774,0.008290965550393868,-0.00128263917090586,50,20,10,10,5,2.5,2.5
2021-11-10,0.008239640424918827,0.008173389467940566,-0.005953842478707972,50,20,10,10,5,2.5,2.5
2021-12-10,0.008329389063682573,0.008111818531643333,-0.0012013851008837167,50,20,10,10,5,2.5,2.5
2021-10-13,0.008129542731742151,0.008150696165108565,0.0006111755566973034,50,20,10,10,5,2.5,2.5
2021-10-14,0.008580698751124539,0.008794871060874445,0.013838487949919242,50,20,10,10,5,2.5,2.5
2021-10-15,0.008878763624215693,0.008896900477845334,0.007523123471694002,50,20,10,10,5,2.5,2.5
2021-10-18,0.008922505236172086,0.008924717645997334,0.004378532133253116,50,20,10,10,5,2.5,2.5
2021-10-19,0.00900994976565861,0.009014329533772751,0.005027043603413544,50,20,10,10,5,2.5,2.5
2021-10-20,0.009008651926820849,0.009035036960046644,0.003069470023187699,50,20,10,10,5,2.5,2.5
2021-10-21,0.008998722779040074,0.009002978736122097,0.002551942615230141,50,20,10,10,5,2.5,2.5
2021-10-22,0.008944717888265825,0.008875679994791323,0.001577321227074533,50,20,10,10,5,2.5,2.5
2021-10-25,0.008877778125852083,0.008902673826622442,0.00817230163087978,50,20,10,10,5,2.5,2.5
2021-10-26,0.008849568090472847,0.00881947096690594,0.0025575501910512716,50,20,10,10,5,2.5,2.5
2021-10-27,0.008802267306737327,0.008769810286506865,0.00035973307263758095,50,20,10,10,5,2.5,2.5
2021-10-28,0.008868050791864398,0.00892011338493075,0.009134368444202727,50,20,10,10,5,2.5,2.5
2021-10-29,0.008822212878165633,0.008716574404828823,0.004152799773811725,50,20,10,10,5,2.5,2.5
2021-01-11,0.00823803428197571,0.007994302129062405,0.004423249744681796,50,20,10,10,5,2.5,2.5
2021-02-11,0.007985575582109291,0.007983715321161941,0.002097108664571501,50,20,10,10,5,2.5,2.5
2021-03-11,0.007944767392638656,0.007905276672804861,0.004767374903609357,50,20,10,10,5,2.5,2.5
2021-04-11,0.007764573689657304,0.007685507794946909,0.0029116457664536168,50,20,10,10,5,2.5,2.5
2021-05-11,0.007709621069931032,0.007694319759191014,0.002395978891958271,50,20,10,10,5,2.5,2.5
2021-08-11,0.0076688485067748415,0.0076486384674626425,-0.001397598141010882,50,20,10,10,5,2.5,2.5
2021-09-11,0.006866929678665731,0.006463275918356512,-0.00834833234779984,50,20,10,10,5,2.5,2.5
2021-10-11,0.006654899175823267,0.006752364658930043,-0.005982948733152154,50,20,10,10,5,2.5,2.5
2021-11-11,0.006381934008891505,0.006215790264268191,0.00022391509127259963,50,20,10,10,5,2.5,2.5
2021-12-11,0.0061472079800571275,0.006053252937914084,0.0031268164645669497,50,20,10,10,5,2.5,2.5
2021-11-15,0.005726673265325992,0.005328164244134246,-0.0018771983833724473,50,20,10,10,5,2.5,2.5
2021-11-16,0.005207972473368735,0.005134899134992248,0.0045704462465486475,50,20,10,10,5,2.5,2.5
2021-11-17,0.005170612153640777,0.005213584963807743,0.0004329773453532084,50,20,10,10,5,2.5,2.5
2021-11-18,0.005098520715034395,0.005098999745002993,0.002396612546854829,50,20,10,10,5,2.5,2.5
2021-11-19,0.005115532447063368,0.005085378893886871,-3.28839747255997e-05,50,20,10,10,5,2.5,2.5
2021-11-22,0.004980240458241409,0.0048979844708148005,-0.00013556506459378622,50,20,10,10,5,2.5,2.5
2021-11-23,0.004909985461773253,0.004816317312769713,0.000363404923060266,50,20,10,10,5,2.5,2.5
2021-11-24,0.00520850681626133,0.004815494385260746,0.0014174147089906683,50,20,10,10,5,2.5,2.5
2021-11-26,0.00572502289781194,0.006045294579428867,-0.018848110835358256,50,20,10,10,5,2.5,2.5
2021-11-29,0.0060816886695798,0.0063309925967297755,0.011476352497701233,50,20,10,10,5,2.5,2.5
2021-11-30,0.007118838387558969,0.007336912345898939,-0.012153497033324183,50,20,10,10,5,2.5,2.5
2021-01-12,0.007455035485825096,0.007562534214597448,-0.008975583584348244,50,20,10,10,5,2.5,2.5
2021-02-12,0.007815423958783485,0.007968110083714437,0.00889902248946485,50,20,10,10,5,2.5,2.5
2021-03-12,0.008072235543404168,0.008108635466572797,-0.011027430860811085,50,20,10,10,5,2.5,2.5
2021-06-12,0.008246826901907148,0.008383743971523826,0.007808124857050583,50,20,10,10,5,2.5,2.5
2021-07-12,0.008860497847185771,0.009129197168653206,0.017291993908045408,50,20,10,10,5,2.5,2.5
2021-08-12,0.00910079959082613,0.009136640999327176,0.0013266247475556643,50,20,10,10,5,2.5,2.5
2021-09-12,0.009148101539500296,0.009193141342470103,-0.007456566383236592,50,20,10,10,5,2.5,2.5
2021-10-12,0.009213980556145102,0.009183966035697893,0.008703966543718107,50,20,10,10,5,2.5,2.5
2021-12-13,0.009271415535297966,0.009360141234138164,-0.009635455814124816,50,20,10,10,5,2.5,2.5
2021-12-14,0.009430961236921935,0.009467494165629243,-0.0073315710211491044,50,20,10,10,5,2.5,2.5
2021-12-15,0.009666048396655328,0.009895845871529757,0.010600187212901006,50,20,10,10,5,2.5,2.5
2021-12-16,0.010058299491046894,0.0099741607507077,-0.009061102643275434,50,20,10,10,5,2.5,2.5
2021-12-17,0.010169920222593117,0.010118624961186148,-0.00797778667042278,50,20,10,10,5,2.5,2.5
2021-12-20,0.010248020363950448,0.010282053725874459,-0.011397390562013533,50,20,10,10,5,2.5,2.5
2021-12-21,0.010573464849404952,0.01082381128023226,0.015453005859441078,50,20,10,10,5,2.5,2.5
2021-12-22,0.010856818685647474,0.01097301234374176,0.01161430849840066,50,20,10,10,5,2.5,2.5
2021-12-23,0.010908009370012987,0.010911515539981397,0.006564216542821171,50,20,10,10,5,2.5,2.5
2021-12-27,0.011018260239050486,0.011173745059405361,0.01200844940169912,50,20,10,10,5,2.5,2.5
2021-12-28,0.011199701398468973,0.011117182506039582,-0.001117068409655879,50,20,10,10,5,2.5,2.5
2021-12-29,0.011154488547301042,0.011116932274808818,-5.337386749262258e-05,50,20,10,10,5,2.5,2.5
2021-12-30,0.011136441023582687,0.011121815091249168,-0.0029287111808042905,50,20,10,10,5,2.5,2.5
2021-12-31,0.01118632680516299,0.011122056617160194,-0.002917076658511105,50,20,10,10,5,2.5,2.5
2022-03-01,0.01123196833534364,0.011161372013242481,0.011335462239735188,50,20,10,10,5,2.5,2.5
2022-04-01,0.011276821296451413,0.011157391696818841,0.00012586039608020432,50,20,10,10,5,2.5,2.5
2022-05-01,0.01153366078455387,0.011739169076618585,-0.019282676260853733,50,20,10,10,5,2.5,2.5
2022-06-01,0.011607885345818397,0.011737136361847155,-0.0013588278292797039,50,20,10,10,5,2.5,2.5
2022-07-01,0.011686128417867226,0.011752344630213327,-0.003153905869156152,50,20,10,10,5,2.5,2.5
2022-10-01,0.0112308477503416,0.010940430621276245,0.0006181419778486621,50,20,10,10,5,2.5,2.5
2022-11-01,0.010732432488561976,0.010805629315614565,0.007001761564362217,50,20,10,10,5,2.5,2.5
2022-12-01,0.010381883744333721,0.010159761989479217,0.004928959818618946,50,20,10,10,5,2.5,2.5
2022-01-13,0.010245839187307943,0.010277811027970419,-0.015421254977760533,50,20,10,10,5,2.5,2.5
2022-01-14,0.010063346804276549,0.009978740229807314,-0.003867657800288599,50,20,10,10,5,2.5,2.5
2022-01-18,0.010327698378803382,0.010453872580908392,-0.01822071636936649,50,20,10,10,5,2.5,2.5
2022-01-19,0.010476592752700822,0.010380438672334924,-0.00801447745346961,50,20,10,10,5,2.5,2.5
2022-01-20,0.009984068628701393,0.009768867714849347,-0.007044632733967186,50,20,10,10,5,2.5,2.5
2022-01-21,0.010252020375130852,0.010239318451451682,-0.015788376230119177,50,20,10,10,5,2.5,2.5
2022-01-24,0.010229574870327695,0.010233841426204142,0.0005274621689555013,50,20,10,10,5,2.5,2.5
2022-01-25,0.01020007286947429,0.010169041560349375,-0.008119741818476323,50,20,10,10,5,2.5,2.5
2022-01-26,0.010182040941350765,0.010094526277480191,0.002631817634186643,50,20,10,10,5,2.5,2.5
2022-01-27,0.010211236185168228,0.010064894958380147,-0.008661201625792276,50,20,10,10,5,2.5,2.5
2022-01-28,0.010491330571088356,0.010646886295047476,0.01860030240737169,50,20,10,10,5,2.5,2.5
2022-01-31,0.011049352560245801,0.011213565055430535,0.01750590544820692,50,20,10,10,5,2.5,2.5
2022-01-02,0.011178141323602831,0.011164563892024157,0.005571289961573336,50,20,10,10,5,2.5,2.5
2022-02-02,0.011196212782480293,0.011110010824323351,0.004328329470862255,50,20,10,10,5,2.5,2.5
2022-03-02,0.011381664413054444,0.01149550650322258,-0.019480303486390304,50,20,10,10,5,2.5,2.5
2022-04-02,0.011308175081322933,0.011360516665222246,0.007685855496763194,50,20,10,10,5,2.5,2.5
2022-07-02,0.011352643875143158,0.011274912504343643,-0.0036640774557348816,50,20,10,10,5,2.5,2.5
2022-08-02,0.011231824508945451,0.011060764250549826,0.007228122112023276,50,20,10,10,5,2.5,2.5
2022-09-02,0.011304443667301883,0.01145638714132436,0.010535107066754333,50,20,10,10,5,2.5,2.5
2022-10-02,0.011684113525543242,0.0118464210173834,-0.01662504041036721,50,20,10,10,5,2.5,2.5
2022-11-02,0.011940625573889398,0.012250163451576833,-0.014445509276666966,50,20,10,10,5,2.5,2.5
2022-02-14,0.012363228835072066,0.01225224526968823,-0.003985559417813831,30,50,5,5,5,2.5,2.5
2022-02-15,0.012506645119677955,0.012600164639130792,0.008367507742511075,30,50,5,5,5,2.5,2.5
2022-02-16,0.012600246232042764,0.012610259092705932,0.0010231846021292192,30,50,5,5,5,2.5,2.5
2022-02-17,0.0126534327386955,0.012700227187808697,-0.011211485180463781,30,50,5,5,5,2.5,2.5
2022-02-18,0.012704728024117264,0.012727619213363382,-0.002991864637058108,30,50,5,5,5,2.5,2.5
2022-02-22,0.012794609203051461,0.012801620123203674,-0.006584334224808765,30,50,5,5,5,2.5,2.5
2022-02-23,0.012983194763326962,0.013119161822025894,-0.014363523723295945,30,50,5,5,5,2.5,2.5
2022-02-24,0.013126998382390766,0.013346376583023796,0.008891305862406829,30,50,5,5,5,2.5,2.5
2022-02-25,0.013801530632058459,0.014088810484016084,0.010319615329109818,30,50,5,5,5,2.5,2.5
2022-02-28,0.01406182871758763,0.013910218524540883,0.004809411055113891,30,50,5,5,5,2.5,2.5
2022-01-03,0.014290575809183892,0.014112565014313785,-0.004842232915685871,30,50,5,5,5,2.5,2.5
2022-02-03,0.01425099850034332,0.014291548694397114,0.0032363000882727846,30,50,5,5,5,2.5,2.5
2022-03-03,0.014283207280646016,0.014224987000695632,-0.0032205233638657694,30,50,5,5,5,2.5,2.5
2022-04-03,0.014212487431201506,0.014161688956451405,-0.002452697988669079,30,50,5,5,5,2.5,2.5
2022-07-03,0.014571908798351053,0.014762384083482483,-0.017560311715626917,30,50,5,5,5,2.5,2.5
2022-08-03,0.0148656891108925,0.014775320740928714,-0.003752463388506202,30,50,5,5,5,2.5,2.5
2022-09-03,0.015254658206033191,0.015444734979847944,0.012215152502833528,30,50,5,5,5,2.5,2.5
2022-10-03,0.01545980880136872,0.015458785910643775,-0.006340681237243783,30,50,5,5,5,2.5,2.5
2022-11-03,0.015502482053751218,0.015601337241507763,-0.009484726608966858,30,50,5,5,5,2.5,2.5
2022-03-14,0.015091616755664972,0.014904503524759525,-0.010699490609884895,30,50,5,5,5,2.5,2.5
2022-03-15,0.014928655471539699,0.01502932969196332,0.011782835262837214,30,50,5,5,5,2.5,2.5
2022-03-16,0.015332668040209087,0.0155860586346285,0.013399867341658947,30,50,5,5,5,2.5,2.5
2022-03-17,0.01547649607673459,0.01566390754379725,0.007936870814589988,30,50,5,5,5,2.5,2.5
2022-03-18,0.015365179390060966,0.015190398961533269,0.007767560379466548,30,50,5,5,5,2.5,2.5
2022-03-21,0.015223652065964892,0.015158019813139611,-0.0032569506391441835,30,50,5,5,5,2.5,2.5
2022-03-22,0.015306397579890496,0.01528702835488734,0.008089573404754587,30,50,5,5,5,2.5,2.5
2022-03-23,0.015356567927784457,0.01537330256605632,-0.0025574930274292447,30,50,5,5,5,2.5,2.5
2022-03-24,0.015304858481300263,0.015367624692127787,0.005611428983041817,30,50,5,5,5,2.5,2.5
2022-03-25,0.015131941943428914,0.015022752709637939,-0.0016367049119145483,30,50,5,5,5,2.5,2.5
2022-03-28,0.014530879301868643,0.014610592309510442,0.007409556043611279,30,50,5,5,5,2.5,2.5
2022-03-29,0.014798911126339895,0.014713773122951034,0.00755505822493108,30,50,5,5,5,2.5,2.5
2022-03-30,0.014594672400053845,0.014541212063362344,-0.0010092755006804715,30,50,5,5,5,2.5,2.5
2022-03-31,0.014742259446391712,0.014859093870821434,-0.00894351583037673,30,50,5,5,5,2.5,2.5
2022-01-04,0.014570459503731467,0.014282542897884339,0.00038017818706461337,30,50,5,5,5,2.5,2.5
2022-04-04,0.014353254986244113,0.014243537552743022,0.007276267469970312,30,50,5,5,5,2.5,2.5
2022-05-04,0.014285355272041882,0.014320702155316552,-0.013139103409940657,30,50,5,5,5,2.5,2.5
2022-06-04,0.014164391988019682,0.013977120199436662,-0.009089247070636193,30,50,5,5,5,2.5,2.5
2022-07-04,0.013969747818191398,0.013772556308615815,0.001347806841758065,30,50,5,5,5,2.5,2.5
2022-08-04,0.013428250514281738,0.013231831586013385,-0.004452937409349248,30,50,5,5,5,2.5,2.5
2022-11-04,0.013525968445181722,0.013616321139210779,-0.01345363988734977,30,50,5,5,5,2.5,2.5
2022-12-04,0.013576104410313664,0.013304378429033363,0.0008011449709440638,30,50,5,5,5,2.5,2.5
2022-04-13,0.013136066293221236,0.013030433069368748,0.006193338593073478,30,50,5,5,5,2.5,2.5
2022-04-14,0.01336371007968653,0.01319639063755297,-0.011906036622801097,30,50,5,5,5,2.5,2.5
2022-04-18,0.012912902246068279,0.013106118997503422,0.0005800957807086202,30,50,5,5,5,2.5,2.5
2022-04-19,0.012396327576957154,0.012067433484474357,0.0049005460174855065,30,50,5,5,5,2.5,2.5
2022-04-20,0.011973571685313395,0.011951873906624458,-0.0009558459418527985,50,20,10,10,5,2.5,2.5
2022-04-21,0.011573571625177912,0.011514992761860583,-0.010066923013124396,50,20,10,10,5,2.5,2.5
2022-04-22,0.012075714950792302,0.0126513841550183,-0.021061092358563224,50,20,10,10,5,2.5,2.5
2022-04-25,0.01257309424656702,0.012440846891382572,0.005194477146275162,30,50,5,5,5,2.5,2.5
2022-04-26,0.013026782724398367,0.013472363029593825,-0.017869176017956425,30,50,5,5,5,2.5,2.5
2022-04-27,0.013064895145750993,0.012875819218448414,0.001256197978160116,30,50,5,5,5,2.5,2.5
2022-04-28,0.012921908314084643,0.013022586029173494,0.01066561484683663,30,50,5,5,5,2.5,2.5
2022-04-29,0.013888171733753363,0.014382943378218585,-0.019751567356725806,30,50,5,5,5,2.5,2.5
2022-02-05,0.01436085240898307,0.014226847993333317,0.0028612273511528117,30,50,5,5,5,2.5,2.5
2022-03-05,0.01430345519590134,0.014283968398276184,0.0042543141069454424,30,50,5,5,5,2.5,2.5
2022-04-05,0.014775442784902733,0.015228856030622491,0.019412748432371608,30,50,5,5,5,2.5,2.5
2022-05-05,0.015792738880161167,0.01639502136099903,-0.025521716003975854,30,50,5,5,5,2.5,2.5
2022-06-05,0.016302244198044154,0.016098614336253654,-0.004316510496549549,30,50,5,5,5,2.5,2.5
2022-09-05,0.016503123962363312,0.016890045655848403,-0.0176057537423125,30,50,5,5,5,2.5,2.5
2022-10-05,0.0168671129836928,0.016802378188959664,0.003319960830463644,30,50,5,5,5,2.5,2.5
2022-11-05,0.01675103933972154,0.016639580531999217,-0.010256224796123772,30,50,5,5,5,2.5,2.5
2022-12-05,0.01669214840509916,0.016655611581983455,-0.0014944715910782023,30,50,5,5,5,2.5,2.5
2022-05-13,0.0170775460857603,0.017335674821838235,0.010789384567028729,30,50,5,5,5,2.5,2.5
2022-05-16,0.017377099781296704,0.017279965923524182,-0.003057511839976542,30,50,5,5,5,2.5,2.5
2022-05-17,0.017543509220166884,0.017702909928460235,0.00934647575472247,30,50,5,5,5,2.5,2.5
2022-05-18,0.018411412417805428,0.01892308020984619,-0.018933646854109684,30,50,5,5,5,2.5,2.5
2022-05-19,0.01893429958388574,0.018900823351856933,-0.0019380797290853822,30,50,5,5,5,2.5,2.5
2022-05-20,0.01891987493548154,0.018849260732042183,-0.0020531010617385412,30,50,5,5,5,2.5,2.5
2022-05-23,0.01921626283522904,0.019315926144065437,0.010794499134583182,30,50,5,5,5,2.5,2.5
2022-05-24,0.019213651525513006,0.01917808036665968,-0.002053970375585625,30,50,5,5,5,2.5,2.5
2022-05-25,0.01937107353265501,0.01932837513406807,0.00870299951438098,30,50,5,5,5,2.5,2.5
2022-05-26,0.019445705375558432,0.019610768543761,0.011262155546399021,30,50,5,5,5,2.5,2.5
2022-05-27,0.019914763282451575,0.020154366369408715,0.014994438767387791,30,50,5,5,5,2.5,2.5
2022-05-31,0.020083779845673798,0.020168118580682255,-0.005589236000194387,30,50,5,5,5,2.5,2.5
2022-01-06,0.019955229417007572,0.019900591692029162,-0.005835146789458879,30,50,5,5,5,2.5,2.5
2022-02-06,0.02005832294021681,0.020267554904123686,0.009962227908389633,30,50,5,5,5,2.5,2.5
2022-03-06,0.02012860655768724,0.02030461820005556,-0.012768183297739275,30,50,5,5,5,2.5,2.5
2022-06-06,0.019900454647339312,0.019723704086368993,-0.0016712785477079057,30,50,5,5,5,2.5,2.5
2022-07-06,0.019701135599389085,0.019781439616400862,0.007255070675634929,30,50,5,5,5,2.5,2.5
2022-08-06,0.01959093164129433,0.019188615508681655,-0.005707443810027975,30,50,5,5,5,2.5,2.5
2022-09-06,0.019488233852669592,0.019657214584410065,-0.011786892506769456,30,50,5,5,5,2.5,2.5
2022-10-06,0.019726709295245372,0.019685412614872628,-0.020410933580784253,30,50,5,5,5,2.5,2.5
2022-06-13,0.01978650428052824,0.01984325935799697,-0.02963879667469055,30,50,5,5,5,2.5,2.5
2022-06-14,0.01987983179836319,0.019772054799590665,-0.003074055475019495,30,50,5,5,5,2.5,2.5
2022-06-15,0.0198620559653333,0.019990673385605895,0.014773526143583793,30,50,5,5,5,2.5,2.5
2022-06-16,0.019872847376489942,0.01972414216634091,-0.017365556314695687,30,50,5,5,5,2.5,2.5
2022-06-17,0.01924662381369313,0.01887241340254033,0.0006304254093923646,30,50,5,5,5,2.5,2.5
2022-06-21,0.01941357841710519,0.019557343808750415,0.014482324206460104,30,50,5,5,5,2.5,2.5
2022-06-22,0.019086975869988303,0.018745714734998226,0.0021360763781464415,30,50,5,5,5,2.5,2.5
2022-06-23,0.01893193128030828,0.018846911748985132,0.0050468425345200065,30,50,5,5,5,2.5,2.5
2022-06-24,0.01932739336330601,0.01949630280913218,0.014699133146556307,30,50,5,5,5,2.5,2.5
2022-06-27,0.019450865150028165,0.019501979667198226,-0.0036095067678810298,30,50,5,5,5,2.5,2.5
2022-06-28,0.01935514514670789,0.01929832008566572,-0.010399090997151018,30,50,5,5,5,2.5,2.5
2022-06-29,0.019176567169127957,0.019294453414777944,0.0016435513075830589,30,50,5,5,5,2.5,2.5
2022-06-30,0.01899312348416491,0.018895662795293068,-0.004271241348857256,30,50,5,5,5,2.5,2.5
2022-01-07,0.018061708570296587,0.017558851423092398,0.010037920318018805,30,50,5,5,5,2.5,2.5
2022-05-07,0.01751128446189284,0.01753823012900284,0.0027724553493746096,30,50,5,5,5,2.5,2.5
2022-06-07,0.01751318904626372,0.01755434943884575,-0.002499172119376411,30,50,5,5,5,2.5,2.5
2022-07-07,0.017444182909900744,0.01743489258011953,0.009053332032555825,30,50,5,5,5,2.5,2.5
2022-08-07,0.017339192023810485,0.0173766812716487,-0.0010037097990771365,30,50,5,5,5,2.5,2.5
2022-11-07,0.01731855837787525,0.01739276206485965,-0.0063002741827658465,30,50,5,5,5,2.5,2.5
2022-12-07,0.0171612156468258,0.017001078713798343,-0.004578841870391897,30,50,5,5,5,2.5,2.5
2022-07-13,0.016518194874957804,0.016252090389723813,0.0006955084152578053,30,50,5,5,5,2.5,2.5
2022-07-14,0.016350404999738128,0.016240103271829703,-0.003906239503187877,30,50,5,5,5,2.5,2.5
2022-07-15,0.016532153599152694,0.01669507063612768,0.01149175598714891,30,50,5,5,5,2.5,2.5
2022-07-18,0.016437498449596858,0.016284156985826744,-0.005099854011105155,30,50,5,5,5,2.5,2.5
2022-07-19,0.016711576890677714,0.016967988718280643,0.01204701882698631,30,50,5,5,5,2.5,2.5
2022-07-20,0.01685847668750076,0.017000792511598615,0.002944169211785627,30,50,5,5,5,2.5,2.5
2022-07-21,0.01687149412284866,0.017008240826977907,0.012551296784373993,30,50,5,5,5,2.5,2.5
2022-07-22,0.016864379984043523,0.016981828256640984,-0.00032087600619987053,30,50,5,5,5,2.5,2.5
2022-07-25,0.016653048293361124,0.01642936052511852,-0.0016133183463780652,30,50,5,5,5,2.5,2.5
2022-07-26,0.016040778864734626,0.01564077962339905,-0.007859237707013382,30,50,5,5,5,2.5,2.5
2022-07-27,0.014559841557811808,0.014423116491495984,0.017891157768211593,30,50,5,5,5,2.5,2.5
2022-07-28,0.014509916237900702,0.014480757019738699,0.00988016497678212,30,50,5,5,5,2.5,2.5
2022-07-29,0.014079906216221407,0.014470434549891213,0.010046747536310432,30,50,5,5,5,2.5,2.5
2022-01-08,0.013478906368933077,0.012844217551134253,-0.0008806553266204755,30,50,5,5,5,2.5,2.5
2022-02-08,0.012964264310734282,0.0129857821632799,-0.008315646525206166,30,50,5,5,5,2.5,2.5
2022-03-08,0.013060973292879785,0.012602382300105016,0.010009127491845233,30,50,5,5,5,2.5,2.5
2022-04-08,0.012599437443351666,0.012596152559984863,-0.0002952159903424106,30,50,5,5,5,2.5,2.5
2022-05-08,0.012531803720630563,0.01257151297305349,-0.00784989884906831,30,50,5,5,5,2.5,2.5
2022-08-08,0.0119691030753695,0.01149170815349519,-0.0013935974155012483,50,20,10,10,5,2.5,2.5
2022-09-08,0.011405349254062627,0.011512768463933704,-0.0017460430121717717,50,20,10,10,5,2.5,2.5
2022-10-08,0.011298942577580249,0.011239183150204037,0.018805394464101028,50,20,10,10,5,2.5,2.5
2022-11-08,0.01129397110805427,0.011239107325786018,-0.0014250992480912491,50,20,10,10,5,2.5,2.5
2022-12-08,0.011284299125473957,0.01128096173982068,0.01584429495353098,50,20,10,10,5,2.5,2.5
2022-08-15,0.011265035340055945,0.011215948829211361,0.0042673139697845565,50,20,10,10,5,2.5,2.5
2022-08-16,0.011282356767597493,0.011214021887770298,0.0006330351706904763,50,20,10,10,5,2.5,2.5
2022-08-17,0.011358930350629109,0.011397517513934788,-0.005927877403506061,50,20,10,10,5,2.5,2.5
2022-08-18,0.011400012582418377,0.011196017126738443,0.000730036420489334,50,20,10,10,5,2.5,2.5
2022-08-19,0.011553222714055329,0.011557408855025379,-0.013294381450728353,50,20,10,10,5,2.5,2.5
2022-08-22,0.011918831830277431,0.01211728467030193,-0.018078692019859625,50,20,10,10,5,2.5,2.5
2022-08-23,0.011875366008050742,0.011950760919374064,-0.0005585644986434448,50,20,10,10,5,2.5,2.5
2022-08-24,0.011907682430588963,0.011875975786515324,0.0012306734076349252,50,20,10,10,5,2.5,2.5
2022-08-25,0.012001488892366529,0.011992106422964029,0.011876583535353766,50,20,10,10,5,2.5,2.5
2022-08-26,0.012991550853221751,0.013457811772629034,-0.017482715256099034,30,50,5,5,5,2.5,2.5
2022-08-29,0.013221674630600654,0.013417397673168517,-0.0054293780879386775,30,50,5,5,5,2.5,2.5
2022-08-30,0.01294382772930978,0.012706120169535155,-0.005724872858556723,30,50,5,5,5,2.5,2.5
2022-08-31,0.012620527785950979,0.012749708334950382,-0.006444967125657709,30,50,5,5,5,2.5,2.5
2022-01-09,0.012704334638162972,0.012628152805810861,-0.001195517519583196,30,50,5,5,5,2.5,2.5
2022-02-09,0.01259656704744772,0.01266602240088608,-0.004140890746473828,30,50,5,5,5,2.5,2.5
2022-06-09,0.012750852465158755,0.012680592008100894,-0.006075781535164441,30,50,5,5,5,2.5,2.5
2022-07-09,0.01285962552817594,0.012943718783738376,0.012476464622112882,30,50,5,5,5,2.5,2.5
2022-08-09,0.012319031606638909,0.01209467998998432,0.002543300372549199,30,50,5,5,5,2.5,2.5
2022-09-09,0.012747877283758915,0.012215009483290643,0.008523566067756214,30,50,5,5,5,2.5,2.5
2022-12-09,0.0123518825957927,0.012088875152551588,0.005422035764029244,30,50,5,5,5,2.5,2.5
2022-09-13,0.013612188182635581,0.014519068714692,-0.02483681051619549,30,50,5,5,5,2.5,2.5
2022-09-14,0.014597900900353077,0.014512383603073081,0.00420571784069069,30,50,5,5,5,2.5,2.5
2022-09-15,0.014417272071684742,0.014272616344044597,-0.006583276982553249,30,50,5,5,5,2.5,2.5
2022-09-16,0.014285187558045037,0.014300315656693575,-0.0037553718940447067,30,50,5,5,5,2.5,2.5
2022-09-19,0.014440422268355289,0.014397458246907848,0.003255541398625894,30,50,5,5,5,2.5,2.5
2022-09-20,0.014513594175466491,0.014495930414565558,-0.006927419715913768,30,50,5,5,5,2.5,2.5
2022-09-21,0.014651864356915425,0.014746686375744708,-0.008013422837072173,30,50,5,5,5,2.5,2.5
2022-09-22,0.014436361326777976,0.014068348748144877,-0.010380321128004584,30,50,5,5,5,2.5,2.5
2022-09-23,0.014171295372621781,0.01427040314359576,-0.012434069924438578,30,50,5,5,5,2.5,2.5
2022-09-26,0.013944532273019165,0.013713758556076256,-0.01111894865049664,30,50,5,5,5,2.5,2.5
2022-09-27,0.01367932184503991,0.013617287421321905,-0.0015175167652607745,30,50,5,5,5,2.5,2.5
2022-09-28,0.014114142796071543,0.014306520620792811,0.017244833536791352,30,50,5,5,5,2.5,2.5
2022-09-29,0.014512671531309317,0.014615428115381444,-0.015476280898216467,30,50,5,5,5,2.5,2.5
2022-09-30,0.01476716386129165,0.01464906985004395,-0.009219206858696632,30,50,5,5,5,2.5,2.5
2022-03-10,0.015169971941561642,0.01566377661232581,0.012428986530062783,30,50,5,5,5,2.5,2.5
2022-04-10,0.016186830363077605,0.016553358234735884,0.017284893821439648,30,50,5,5,5,2.5,2.5
2022-05-10,0.016602293177671434,0.016553719122734102,-0.004512805854522492,30,50,5,5,5,2.5,2.5
2022-06-10,0.016564561470734616,0.016569127705720124,-0.006569527799734702,30,50,5,5,5,2.5,2.5
2022-07-10,0.016715106919379278,0.01684437235634075,-0.0192504194289115,30,50,5,5,5,2.5,2.5
2022-10-10,0.016373707642146487,0.015910959013434648,-0.006565850151339978,30,50,5,5,5,2.5,2.5
2022-11-10,0.015944185859465058,0.015910078397572316,-0.0058975106880394135,30,50,5,5,5,2.5,2.5
2022-12-10,0.01591906012736124,0.01585164646244713,0.0004730515386837241,30,50,5,5,5,2.5,2.5
2022-10-13,0.016410148576459616,0.01669901528187923,0.013373771217143351,30,50,5,5,5,2.5,2.5
2022-10-14,0.0168483988702502,0.017113032684795637,-0.015734042639498867,30,50,5,5,5,2.5,2.5
2022-10-17,0.017603334058703502,0.017873519068098562,0.017338748960242564,30,50,5,5,5,2.5,2.5
2022-10-18,0.017845471090712238,0.01803784864648089,0.006194949849298316,30,50,5,5,5,2.5,2.5
2022-10-19,0.017756537919685435,0.01766313130542115,-0.0065890905447531746,30,50,5,5,5,2.5,2.5
2022-10-20,0.01755834811090218,0.01760556858193228,-0.009150091981960503,30,50,5,5,5,2.5,2.5
2022-10-21,0.017775649352720965,0.017961272195494,0.014414756102348932,30,50,5,5,5,2.5,2.5
2022-10-24,0.01753226885425795,0.017995318967139927,0.003751650133331616,30,50,5,5,5,2.5,2.5
2022-10-25,0.01690422350108043,0.016499972888145812,0.013430488684795502,30,50,5,5,5,2.5,2.5
2022-10-26,0.016420758698065058,0.016527193516386367,-0.0031553804119825554,30,50,5,5,5,2.5,2.5
2022-10-27,0.016434789302428046,0.016440577484225193,-0.0006885453250333286,30,50,5,5,5,2.5,2.5
2022-10-28,0.016789988832340202,0.017015748620748665,0.011900581724916428,30,50,5,5,5,2.5,2.5
2022-10-31,0.017012247118340155,0.017025131452787463,-0.005384732595360922,30,50,5,5,5,2.5,2.5
2022-01-11,0.01695336663939201,0.0169134706822298,-0.0004050630910856336,30,50,5,5,5,2.5,2.5
2022-02-11,0.016992883016958678,0.017257467738738565,-0.01507326613295344,30,50,5,5,5,2.5,2.5
2022-03-11,0.017470417021535723,0.01729769499295805,-0.006969490309209044,30,50,5,5,5,2.5,2.5
2022-04-11,0.017264290039843713,0.017167592700871075,0.005361151022110156,30,50,5,5,5,2.5,2.5
2022-07-11,0.017252742566511593,0.017109896968326162,0.0008065448628263485,30,50,5,5,5,2.5,2.5
2022-08-11,0.017250894444739606,0.017113706505803145,0.002741172699793572,30,50,5,5,5,2.5,2.5
2022-09-11,0.01731616336763806,0.017251483983758826,-0.013039628823896976,30,50,5,5,5,2.5,2.5
2022-10-11,0.018594418085692364,0.019348878959174604,0.038838822536363934,30,50,5,5,5,2.5,2.5
2022-11-11,0.019001116157864692,0.019078846130088336,0.005924545267257506,30,50,5,5,5,2.5,2.5
2022-11-14,0.018690227798024105,0.01874653008766558,-0.007210633964273109,30,50,5,5,5,2.5,2.5
2022-11-15,0.018210832329023117,0.018050130352155563,0.007363566758862685,30,50,5,5,5,2.5,2.5
2022-11-16,0.017939000105516092,0.018130983063961322,-0.0016870978956385191,30,50,5,5,5,2.5,2.5
2022-11-17,0.017945840271923273,0.018016527048436738,-0.0039207377750026876,30,50,5,5,5,2.5,2.5
2022-11-18,0.01717301115481861,0.017096366195957873,0.0001525578157113974,30,50,5,5,5,2.5,2.5
2022-11-21,0.017127073670800845,0.017033124067115164,-0.00593891306101952,30,50,5,5,5,2.5,2.5
2022-11-22,0.016981216600991347,0.017039713138200237,0.009653669521638875,30,50,5,5,5,2.5,2.5
2022-11-23,0.01698333682579534,0.01699317503033199,0.009572527160428104,30,50,5,5,5,2.5,2.5
2022-11-25,0.0166141497530297,0.016504634450567265,-0.0005815456251950012,30,50,5,5,5,2.5,2.5
2022-11-28,0.01622721129231678,0.016097088170279075,-0.008950352192675263,30,50,5,5,5,2.5,2.5
2022-11-29,0.01580489215012227,0.0155307867452193,-0.002693107752996848,30,50,5,5,5,2.5,2.5
2022-11-30,0.016079868694118114,0.01628327838595663,0.021665841765224948,30,50,5,5,5,2.5,2.5
2022-01-12,0.016194100900154062,0.016197192723885347,0.0030134854756028854,30,50,5,5,5,2.5,2.5
2022-02-12,0.01610596248875282,0.016081520502158275,0.0011208469145774606,30,50,5,5,5,2.5,2.5
2022-05-12,0.016009733577601125,0.016091587973558242,-0.015921679181774666,30,50,5,5,5,2.5,2.5
2022-06-12,0.01605143300990828,0.016261254790081843,-0.005896572154563513,30,50,5,5,5,2.5,2.5
2022-07-12,0.01610642414015735,0.016023016881877756,0.0016512278264364214,30,50,5,5,5,2.5,2.5
2022-08-12,0.015898291968305212,0.01599574646641897,0.0021929152317509554,30,50,5,5,5,2.5,2.5
2022-09-12,0.015975071591693684,0.016017330034137706,-0.004569617546156114,30,50,5,5,5,2.5,2.5
2022-12-12,0.015721032984645868,0.015611715870317032,0.004324337371298271,30,50,5,5,5,2.5,2.5
2022-12-13,0.015460725968759819,0.015575475309574885,0.004675704740332439,30,50,5,5,5,2.5,2.5
2022-12-14,0.015595845661609275,0.015602832086724503,-0.002791040589556972,30,50,5,5,5,2.5,2.5
2022-12-15,0.015588513362990131,0.015598014372741123,-0.010879744505075473,30,50,5,5,5,2.5,2.5
2022-12-16,0.01559760861285063,0.015612924999145265,-0.008814327639901101,30,50,5,5,5,2.5,2.5
2022-12-19,0.01556564167280797,0.015540505416923702,-0.006779897065519332,30,50,5,5,5,2.5,2.5
2022-12-20,0.01553128785052567,0.015444980278845702,-0.006424503775603248,30,50,5,5,5,2.5,2.5
2022-12-21,0.015629481725697,0.015646244657515566,0.0077261151016438,30,50,5,5,5,2.5,2.5
2022-12-22,0.015404443267014328,0.015384048808171357,-0.012145491174917237,30,50,5,5,5,2.5,2.5
2022-12-23,0.013235404504607888,0.011703478195495984,7.013056571567809e-05,30,50,5,5,5,2.5,2.5
2022-12-27,0.011703966194872463,0.011556301557291315,-0.009939413029956877,50,20,10,10,5,2.5,2.5
2022-12-28,0.011722001292784718,0.011640530257264173,-0.006447909119493445,50,20,10,10,5,2.5,2.5
2022-12-29,0.011842732580227144,0.012001950174285814,0.017466163357787907,50,20,10,10,5,2.5,2.5
2022-12-30,0.011963797892973917,0.01193080449079574,-0.0011875576271067156,50,20,10,10,5,2.5,2.5
2023-03-01,0.011964396613782166,0.01193745306626438,-0.008531440333605705,50,20,10,10,5,2.5,2.5
2023-04-01,0.011965660923562634,0.011994258793472892,0.0041427960992252025,50,20,10,10,5,2.5,2.5
2023-05-01,0.012166194921827451,0.012144313593325452,-0.006624275008960436,30,50,5,5,5,2.5,2.5
2023-06-01,0.012288918353525533,0.012628034031676364,0.016158518535721728,30,50,5,5,5,2.5,2.5
2023-09-01,0.012577090966619893,0.012562496048648097,0.003821493607799268,30,50,5,5,5,2.5,2.5
2023-10-01,0.012511710720046447,0.012648669789701283,0.001091142360395741,30,50,5,5,5,2.5,2.5
2023-11-01,0.012571798399092943,0.012573213185977865,0.011379271439971526,30,50,5,5,5,2.5,2.5
2023-12-01,0.012244540756013578,0.012583876417087931,0.0056877568860338205,30,50,5,5,5,2.5,2.5
2023-01-13,0.011645551316432573,0.011245225301078824,0.0038134283834152937,50,20,10,10,5,2.5,2.5
2023-01-17,0.011311769881503621,0.011247947158538383,0.0012839364376618812,50,20,10,10,5,2.5,2.5
2023-01-18,0.011418124136979487,0.011575933097531084,-0.012519273437860544,50,20,10,10,5,2.5,2.5
2023-01-19,0.011391804965919454,0.011203393602219077,-0.007749734486010617,50,20,10,10,5,2.5,2.5
2023-01-20,0.011445546501332166,0.011447232946565163,0.015636406173907248,50,20,10,10,5,2.5,2.5
2023-01-23,0.011532443877288046,0.011630385694880008,0.012170394945596859,50,20,10,10,5,2.5,2.5
2023-01-24,0.011533721184370498,0.011561876797037176,0.0016873779421482024,50,20,10,10,5,2.5,2.5
2023-01-25,0.011442476867217834,0.011468247319513118,-2.4152946166293435e-05,50,20,10,10,5,2.5,2.5
2023-01-26,0.011377308853381608,0.011351764709381793,0.015332026248631003,50,20,10,10,5,2.5,2.5
2023-01-27,0.01132839508154213,0.011288124765877101,0.006350669039377111,50,20,10,10,5,2.5,2.5
2023-01-30,0.011452681407829197,0.011496628839957456,-0.014357076144378183,50,20,10,10,5,2.5,2.5
2023-01-31,0.01099864067455904,0.010731497483490835,0.013450842355826106,50,20,10,10,5,2.5,2.5
2023-01-02,0.010552942800318939,0.010572529250027912,0.010544994495029315,50,20,10,10,5,2.5,2.5
2023-02-02,0.010523166354694405,0.010583742283325433,0.013600679475136,50,20,10,10,5,2.5,2.5
2023-03-02,0.01071222465588376,0.010860387025302213,-0.0067658243800779,50,20,10,10,5,2.5,2.5
2023-06-02,0.010710880155952502,0.010726114001268394,-0.003463998650256437,50,20,10,10,5,2.5,2.5
2023-07-02,0.010495158068420224,0.010433673990056782,0.013084191459612628,50,20,10,10,5,2.5,2.5
2023-08-02,0.010625283081960799,0.010722613957236298,-0.005843634228489494,50,20,10,10,5,2.5,2.5
2023-09-02,0.010717721488648302,0.010855931078218925,-0.0065667552463474325,50,20,10,10,5,2.5,2.5
2023-10-02,0.010596445651125375,0.010518749942146398,-0.0010197159723972116,50,20,10,10,5,2.5,2.5
2023-02-13,0.010367387678205666,0.010286061241682581,0.010249598833043794,50,20,10,10,5,2.5,2.5
2023-02-14,0.010265759285492879,0.010256766317265107,0.0031215641331282123,50,20,10,10,5,2.5,2.5
2023-02-15,0.010226961162208965,0.010183283972569755,0.002061884056489037,50,20,10,10,5,2.5,2.5
2023-02-16,0.010659657843756075,0.010576827769115501,-0.015131107302728916,50,20,10,10,5,2.5,2.5
2023-02-17,0.010413045079128973,0.010299576212737329,-0.0018340052611750786,50,20,10,10,5,2.5,2.5
2023-02-21,0.010326398515559856,0.010357930278456703,-0.019369714310919082,50,20,10,10,5,2.5,2.5
2023-02-22,0.01033173069587532,0.010363359581088647,-0.0008591171712046328,50,20,10,10,5,2.5,2.5
2023-02-23,0.010320136995877825,0.010334283450429424,0.006072719577694963,50,20,10,10,5,2.5,2.5
2023-02-24,0.010270453717437112,0.01028003684819019,-0.009503969637045716,50,20,10,10,5,2.5,2.5
2023-02-27,0.010285864796925823,0.01027632009131912,0.005988821582248494,50,20,10,10,5,2.5,2.5
2023-02-28,0.010278564516442932,0.010262179367822796,-0.0016995389774150749,50,20,10,10,5,2.5,2.5
2023-01-03,0.01026741063947111,0.010290282173701733,-0.006204214831190605,50,20,10,10,5,2.5,2.5
2023-02-03,0.010123333268994915,0.009964222188245872,0.0014661681244237236,50,20,10,10,5,2.5,2.5
2023-03-03,0.010200477500984087,0.010234213043859845,0.01600095038640955,50,20,10,10,5,2.5,2.5
2023-06-03,0.009852859873356446,0.009685172994073024,-0.00045751441108381956,50,20,10,10,5,2.5,2.5
2023-07-03,0.00980018325811028,0.009876686056730522,-0.014492927019650426,50,20,10,10,5,2.5,2.5
2023-08-03,0.010013950793588218,0.009881093484285154,-0.0019743875110055965,50,20,10,10,5,2.5,2.5
2023-09-03,0.010220017551345743,0.010437911547749933,-0.0178323214061024,50,20,10,10,5,2.5,2.5
2023-10-03,0.010564481385036871,0.010485878730898039,-0.0044665762542218995,50,20,10,10,5,2.5,2.5
2023-03-13,0.010504167838169709,0.010456474432483032,0.0014771017307911671,50,20,10,10,5,2.5,2.5
2023-03-14,0.010616662639547494,0.010739732200564227,0.0150975248539128,50,20,10,10,5,2.5,2.5
2023-03-15,0.010457296854482233,0.010391603356975945,-0.006573572798567373,50,20,10,10,5,2.5,2.5
2023-03-16,0.01047003724830548,0.010742409772302128,0.01514081231905073,50,20,10,10,5,2.5,2.5
2023-03-17,0.010571913983095484,0.010450393347730989,-0.00851009192929016,50,20,10,10,5,2.5,2.5
2023-03-20,0.010513942145671489,0.010518965639962513,0.003962898975702766,50,20,10,10,5,2.5,2.5
2023-03-21,0.010857386332555941,0.010801093377253454,0.01421456268959303,50,20,10,10,5,2.5,2.5
2023-03-22,0.010723138084271994,0.010850332133787033,-0.012008961483812142,50,20,10,10,5,2.5,2.5
2023-03-23,0.010724229092179835,0.010739907418577858,0.0038249617905597773,50,20,10,10,5,2.5,2.5
2023-03-24,0.010666644787586211,0.010718201090820266,0.0024237907414055926,50,20,10,10,5,2.5,2.5
2023-03-27,0.010670450585665694,0.010713193856374962,0.0005748902654135891,50,20,10,10,5,2.5,2.5
2023-03-28,0.010542681617327647,0.010457655919698864,-0.0016818333813115617,50,20,10,10,5,2.5,2.5
2023-03-29,0.010769249023024724,0.01083373151460752,0.011552739757454224,50,20,10,10,5,2.5,2.5
2023-03-30,0.010916489746175342,0.010880905107238941,0.004750226613221837,50,20,10,10,5,2.5,2.5
2023-03-31,0.010713223075086688,0.010929173393396724,0.014274002609341568,50,20,10,10,5,2.5,2.5
2023-03-04,0.010857358887497797,0.010933230790650849,0.0006954809821119355,50,20,10,10,5,2.5,2.5
2023-04-04,0.010519473517054467,0.010293762941618044,-0.004417106446365069,50,20,10,10,5,2.5,2.5
2023-05-04,0.010292248917397892,0.01030261052350371,-0.0031417668641312733,50,20,10,10,5,2.5,2.5
2023-06-04,0.010284756171705151,0.010281279989008482,0.0036135429681566265,50,20,10,10,5,2.5,2.5
2023-10-04,0.010115564192441378,0.010055162638944388,-0.001975017680169093,50,20,10,10,5,2.5,2.5
2023-11-04,0.01008903849513301,0.010050708091735134,-0.0011022680657520598,50,20,10,10,5,2.5,2.5
2023-12-04,0.010095846621532213,0.010068164826092052,-0.0034505365781304018,50,20,10,10,5,2.5,2.5
2023-04-13,0.010225765726674852,0.010245355070260346,0.011521560157646823,50,20,10,10,5,2.5,2.5
2023-04-14,0.01016476098772966,0.010203247682226345,0.0037402690839946733,50,20,10,10,5,2.5,2.5
2023-04-17,0.010042205294769048,0.009827181235939782,0.0026156965455411724,50,20,10,10,5,2.5,2.5
2023-04-18,0.009722615175247357,0.00982712734548695,0.0016131727411696271,50,20,10,10,5,2.5,2.5
2023-04-19,0.009531025085501767,0.009335870705113656,-0.0013700522328055282,50,20,10,10,5,2.5,2.5
2023-04-20,0.009301564378404731,0.009431720714764004,-0.008656265681146478,50,20,10,10,5,2.5,2.5
2023-04-21,0.00886462586739329,0.00866328470757573,0.00026571645643430283,50,20,10,10,5,2.5,2.5
2023-04-24,0.008199099515829266,0.008097670873786256,-0.00031820124918460524,50,20,10,10,5,2.5,2.5
2023-04-25,0.008473652346084668,0.00873486054263458,-0.012381300338217436,50,20,10,10,5,2.5,2.5
2023-04-26,0.008375352386742618,0.008346198486594016,0.00010714300956783318,50,20,10,10,5,2.5,2.5
2023-04-27,0.00859796301610422,0.008833733511061644,0.016504069372660538,50,20,10,10,5,2.5,2.5
2023-04-28,0.008523264392412598,0.008431936061079101,0.008569853949665498,50,20,10,10,5,2.5,2.5
2023-01-05,0.00818734887618645,0.008091469627048417,-0.0022490500696191826,50,20,10,10,5,2.5,2.5
2023-02-05,0.008282579876587117,0.008359824924361391,-0.0072117716819789695,50,20,10,10,5,2.5,2.5
2023-03-05,0.008244109555692693,0.008203722049514485,-0.005666956177994203,50,20,10,10,5,2.5,2.5
2023-04-05,0.008026555088841019,0.007683814724181008,-0.005415764369092643,50,20,10,10,5,2.5,2.5
2023-05-05,0.008110342955546959,0.00830215375993448,0.01658414736069776,50,20,10,10,5,2.5,2.5
2023-08-05,0.008297892543761846,0.008268195324383536,-0.0006910008982905183,50,20,10,10,5,2.5,2.5
2023-09-05,0.008320747470587048,0.008339209147000079,-0.004513394571145348,50,20,10,10,5,2.5,2.5
2023-10-05,0.008293189533412399,0.008343766684572158,0.005047523228618595,50,20,10,10,5,2.5,2.5
2023-11-05,0.008102220304346307,0.008002010516205065,-0.0006602459279946781,50,20,10,10,5,2.5,2.5
2023-12-05,0.007971670302334578,0.007959889916135532,-0.005071885462813587,50,20,10,10,5,2.5,2.5
2023-05-15,0.007703543466859308,0.0075429697377692295,0.0014583743031135723,50,20,10,10,5,2.5,2.5
2023-05-16,0.0076217814937803875,0.007607407550388811,-0.0041678934403377174,50,20,10,10,5,2.5,2.5
2023-05-17,0.007734030338971481,0.007830181747411763,0.012377300402622714,50,20,10,10,5,2.5,2.5
2023-05-18,0.007836732248033582,0.00797474056465354,0.007380172119302537,50,20,10,10,5,2.5,2.5
2023-05-19,0.007998976718106711,0.007968649597721825,-0.0004161837012945815,50,20,10,10,5,2.5,2.5
2023-05-22,0.008020367064136457,0.007969047343548254,0.0018758490570299183,50,20,10,10,5,2.5,2.5
2023-05-23,0.008163930216754108,0.008262701700239261,-0.009198481950573852,50,20,10,10,5,2.5,2.5
2023-05-24,0.008296628721966137,0.008342323777298004,-0.006010361030121547,50,20,10,10,5,2.5,2.5
2023-05-25,0.00816334986003093,0.008140354185335567,0.007781406018306613,50,20,10,10,5,2.5,2.5
2023-05-26,0.008396914400170513,0.008462347968813037,0.012184692816299088,50,20,10,10,5,2.5,2.5
2023-05-30,0.008463397073607735,0.00844665576513939,0.0032783662838742214,50,20,10,10,5,2.5,2.5
2023-05-31,0.008474838559364976,0.008530393055635075,-0.004262842652901094,50,20,10,10,5,2.5,2.5
2023-01-06,0.008604543970163964,0.008708310301294441,0.009701788918898195,50,20,10,10,5,2.5,2.5
2023-02-06,0.00872440886870057,0.008975658516024485,0.011304015213800343,50,20,10,10,5,2.5,2.5
2023-05-06,0.009084622455028364,0.008994770035092525,-0.0013075144657048155,50,20,10,10,5,2.5,2.5
2023-06-06,0.008953088483069721,0.008997436470366849,0.0019195554252280334,50,20,10,10,5,2.5,2.5
2023-07-06,0.00868582475428708,0.008459210628836691,-0.004052007641789892,50,20,10,10,5,2.5,2.5
2023-08-06,0.00832627597564558,0.008435786787260988,0.007300149795796833,50,20,10,10,5,2.5,2.5
2023-09-06,0.008004639931343465,0.007763216428268271,0.00263197670155342,50,20,10,10,5,2.5,2.5
2023-12-06,0.007801723088930152,0.007798115631613674,0.007774980011861478,50,20,10,10,5,2.5,2.5
2023-06-13,0.007868309407384888,0.00785633918092243,0.005653679641270236,50,20,10,10,5,2.5,2.5
2023-06-14,0.007596621824667039,0.007451961598326407,0.0005403204810202486,50,20,10,10,5,2.5,2.5
2023-06-15,0.007376630638977668,0.007472753255272113,0.01198063193543774,50,20,10,10,5,2.5,2.5
2023-06-16,0.007296517100124315,0.007337473249007684,-0.0034512393671925325,50,20,10,10,5,2.5,2.5
2023-06-20,0.006975975528235431,0.006841793262985339,-0.001742649400933756,50,20,10,10,5,2.5,2.5
2023-06-21,0.006916178112284389,0.006963990206188026,-0.00646116918611633,50,20,10,10,5,2.5,2.5
2023-06-22,0.006842139572417317,0.006866147923385001,0.0019513807895939134,50,20,10,10,5,2.5,2.5
2023-06-23,0.007076337577561381,0.0070746514092113804,-0.006966079485264919,50,20,10,10,5,2.5,2.5
2023-06-26,0.00712622688151238,0.007138567541492188,-0.006552771637640667,50,20,10,10,5,2.5,2.5
2023-06-27,0.007265151055819367,0.007331792030903479,0.00941720061850429,50,20,10,10,5,2.5,2.5
2023-06-28,0.007315869059559935,0.007341739109172193,0.001906207813111409,50,20,10,10,5,2.5,2.5
2023-06-29,0.00723426512520764,0.007185355084981275,0.004473182716265906,50,20,10,10,5,2.5,2.5
2023-06-30,0.0071658656844040495,0.0072028261918199435,0.011106117329794664,50,20,10,10,5,2.5,2.5
2023-03-07,0.007119690265806804,0.007077073394466537,0.0035866423924078854,50,20,10,10,5,2.5,2.5
2023-05-07,0.007102258593335414,0.007086462567194436,-0.0023125328985249714,50,20,10,10,5,2.5,2.5
2023-06-07,0.007242227255242557,0.007309125471012788,-0.007304421247721922,50,20,10,10,5,2.5,2.5
2023-07-07,0.006942012765729041,0.006946153854618595,-0.0022734222926459923,50,20,10,10,5,2.5,2.5
2023-10-07,0.006770555550957788,0.0067192934986319425,-8.283364160919566e-05,50,20,10,10,5,2.5,2.5
2023-11-07,0.0066377658316063935,0.006663119504941298,0.005804571399877531,50,20,10,10,5,2.5,2.5
2023-12-07,0.0067089377272879025,0.00642697035705716,0.007972727130134355,50,20,10,10,5,2.5,2.5
2023-07-13,0.006506467327434159,0.006518257884832182,0.008265871374667852,50,20,10,10,5,2.5,2.5
2023-07-14,0.006360539189854915,0.006354474330655303,-0.0003512295415172352,50,20,10,10,5,2.5,2.5
2023-07-17,0.00619576739568097,0.0062097199495166145,0.006783959737706469,50,20,10,10,5,2.5,2.5
2023-07-18,0.005967835375046148,0.005849610678138353,0.008154222887234684,50,20,10,10,5,2.5,2.5
2023-07-19,0.005855512392523916,0.0057991362790426266,0.0009301866869232208,50,20,10,10,5,2.5,2.5
2023-07-20,0.0059650399491539,0.006026237407571066,-0.010483307062827591,50,20,10,10,5,2.5,2.5
2023-07-21,0.005929565641540279,0.0059375109479967,-0.0019537412821134673,50,20,10,10,5,2.5,2.5
2023-07-24,0.005829286282595411,0.005898827533491698,0.006186853734160934,50,20,10,10,5,2.5,2.5
2023-07-25,0.005873269700384161,0.00589869661229646,0.0015603295674890352,50,20,10,10,5,2.5,2.5
2023-07-26,0.005811580186081017,0.0057479734152633705,-0.002864704197063352,50,20,10,10,5,2.5,2.5
2023-07-27,0.005842990210510434,0.005847385446907598,-0.00991058855186414,50,20,10,10,5,2.5,2.5
2023-07-28,0.005960040160614899,0.006051751478184385,0.010640975856200425,50,20,10,10,5,2.5,2.5
2023-07-31,0.005806777148720772,0.005714945728901613,0.0019128864879570705,50,20,10,10,5,2.5,2.5
2023-01-08,0.005821710989111808,0.005688095236986954,-0.004488596281203517,50,20,10,10,5,2.5,2.5
2023-02-08,0.006037314416967643,0.00624208686514599,-0.013301580917668285,50,20,10,10,5,2.5,2.5
2023-03-08,0.0062326091982149055,0.006168594218510975,-0.0010122905040964422,50,20,10,10,5,2.5,2.5
2023-04-08,0.0062154000869990515,0.0062526552686692485,-0.003109440528974504,50,20,10,10,5,2.5,2.5
2023-07-08,0.00623999151304626,0.006220055892397126,0.004751390185406133,50,20,10,10,5,2.5,2.5
2023-08-08,0.006179316454849961,0.006211607947736011,-0.003532439299757883,50,20,10,10,5,2.5,2.5
2023-09-08,0.006113895065829945,0.006089210478064255,-0.0072463756755001595,50,20,10,10,5,2.5,2.5
2023-10-08,0.006084732327069028,0.006086693159133275,-0.0003678236547872662,50,20,10,10,5,2.5,2.5
2023-11-08,0.00606977256242354,0.0060522443845804075,-0.001334701398652811,50,20,10,10,5,2.5,2.5
2023-08-14,0.005762882400944374,0.005728388175411209,0.0035224133532952675,50,20,10,10,5,2.5,2.5
2023-08-15,0.006115187300107541,0.006123112611623872,-0.011975581777726108,50,20,10,10,5,2.5,2.5
2023-08-16,0.006217468144476383,0.006265329836123594,-0.00709514437423329,50,20,10,10,5,2.5,2.5
2023-08-17,0.006323191198316242,0.006256566615214085,-0.007551003534373814,50,20,10,10,5,2.5,2.5
2023-08-18,0.006247566375057939,0.00623792673739303,5.5167734022488294e-05,50,20,10,10,5,2.5,2.5
2023-08-21,0.006306747845050893,0.006354440797899431,0.007879351086103001,50,20,10,10,5,2.5,2.5
2023-08-22,0.006275411618098814,0.0062399138733380015,-0.0026287977083998687,50,20,10,10,5,2.5,2.5
2023-08-23,0.006356296307743236,0.006426434994069297,0.010569111735040165,50,20,10,10,5,2.5,2.5
2023-08-24,0.006520399446091974,0.0066491188431979445,-0.011812330433951374,50,20,10,10,5,2.5,2.5
2023-08-25,0.007021473677716484,0.006796037045490351,0.006618078164685711,50,20,10,10,5,2.5,2.5
2023-08-28,0.0067476151485014735,0.006865647877134462,0.004606748588887913,50,20,10,10,5,2.5,2.5
2023-08-29,0.007322068105705551,0.007268531477511319,0.01513404917621169,50,20,10,10,5,2.5,2.5
2023-08-30,0.007277661545080376,0.007292829891741464,0.002204436461494534,50,20,10,10,5,2.5,2.5
2023-08-31,0.007163967100033538,0.007196593561221367,-0.0017380670312587458,50,20,10,10,5,2.5,2.5
2023-01-09,0.007235362580458791,0.007205320510922372,-0.0014006135225342715,50,20,10,10,5,2.5,2.5
2023-05-09,0.007190290642782537,0.007197433373509212,-0.0004965732332746995,50,20,10,10,5,2.5,2.5
2023-06-09,0.007260948858588004,0.007267726067335093,-0.005648271886833152,50,20,10,10,5,2.5,2.5
2023-07-09,0.007265992941967208,0.007280527812051678,-0.003685918912992214,50,20,10,10,5,2.5,2.5
2023-08-09,0.0071416093243456946,0.007213625998817421,0.002057355303258099,50,20,10,10,5,2.5,2.5
2023-11-09,0.007104745615781469,0.007079132138413664,0.009306693698790135,50,20,10,10,5,2.5,2.5
2023-12-09,0.007108135077948294,0.007124659676754417,-0.004181834700564349,50,20,10,10,5,2.5,2.5
2023-09-13,0.007058666771819555,0.0071276280258295455,0.0024317815043641087,50,20,10,10,5,2.5,2.5
2023-09-14,0.006958377525458756,0.0068704761120839215,0.008156825158712896,50,20,10,10,5,2.5,2.5
2023-09-15,0.007250959701326673,0.007210512732998837,-0.010198871716588507,50,20,10,10,5,2.5,2.5
2023-09-18,0.007143666140632462,0.0071521741824313685,-0.0005586733440896062,50,20,10,10,5,2.5,2.5
2023-09-19,0.007033871742674565,0.0069460433056214846,-0.0015977269922038918,50,20,10,10,5,2.5,2.5
2023-09-20,0.007130424999945686,0.007104456702776524,-0.009118144982935554,50,20,10,10,5,2.5,2.5
2023-09-21,0.007409682436516039,0.007589737413113529,-0.012717292135600869,50,20,10,10,5,2.5,2.5
2023-09-22,0.007557753920500291,0.0075890156907243616,-0.004059678255364186,50,20,10,10,5,2.5,2.5
2023-09-25,0.007578786748139468,0.007646934372471816,0.001974858371803448,50,20,10,10,5,2.5,2.5
2023-09-26,0.007664571416234235,0.007943064272022318,-0.011572866330170021,50,20,10,10,5,2.5,2.5
2023-09-27,0.0077120971105034295,0.007721547899673842,3.594113046999234e-05,50,20,10,10,5,2.5,2.5
2023-09-28,0.007720368998745335,0.007731859320110287,0.006132628937771071,50,20,10,10,5,2.5,2.5
2023-09-29,0.0076616222694769354,0.0076300153657459,-0.002183422912715582,50,20,10,10,5,2.5,2.5
2023-02-10,0.007591723366827726,0.007630628966328117,-0.00010049809983629095,50,20,10,10,5,2.5,2.5
2023-03-10,0.0077536295756670095,0.007862841599995757,-0.013051362144852368,50,20,10,10,5,2.5,2.5
2023-04-10,0.00795666269339882,0.008040964638822723,0.009761763847400483,50,20,10,10,5,2.5,2.5
2023-05-10,0.007854790629228097,0.007718361296615341,-0.0005802810609489598,50,20,10,10,5,2.5,2.5
2023-06-10,0.007726755169384634,0.007722910144583685,0.009106719082394403,50,20,10,10,5,2.5,2.5
2023-09-10,0.007704856216692698,0.007710008487630416,0.006657863526885374,50,20,10,10,5,2.5,2.5
2023-10-10,0.007672259174551272,0.007680483340734875,0.0031413174673395345,50,20,10,10,5,2.5,2.5
2023-11-10,0.007365000428983606,0.007207856123273706,0.003785233716365704,50,20,10,10,5,2.5,2.5
2023-12-10,0.007170783719309792,0.0072148665809209575,-0.006143637545058605,50,20,10,10,5,2.5,2.5
2023-10-13,0.0072039708491028875,0.007247849244668533,-0.002202449182927099,50,20,10,10,5,2.5,2.5
2023-10-16,0.0073742356318163595,0.007548520249464786,0.006095688627811016,50,20,10,10,5,2.5,2.5
2023-10-17,0.007548055436210141,0.007526870015202023,-0.0015970613793152718,50,20,10,10,5,2.5,2.5
2023-10-18,0.00780528746351379,0.007795954911312588,-0.011655107160871425,50,20,10,10,5,2.5,2.5
2023-10-19,0.007857906851367506,0.007903885871357826,-0.0100010392498726,50,20,10,10,5,2.5,2.5
2023-10-20,0.007997518505049072,0.008149797022608525,-0.011333616058222718,50,20,10,10,5,2.5,2.5
2023-10-23,0.008138418713969288,0.007990703802250249,-0.0009589663358817084,50,20,10,10,5,2.5,2.5
2023-10-24,0.008098674634779136,0.008135798785385447,0.005676512180725686,50,20,10,10,5,2.5,2.5
2023-10-25,0.00831117816592355,0.008442446847650071,-0.007490777337772552,50,20,10,10,5,2.5,2.5
2023-10-26,0.008339381039594067,0.00838029545857492,-0.010620283511115429,50,20,10,10,5,2.5,2.5
2023-10-27,0.008356635598867942,0.008201019537740713,-0.005464851005761205,50,20,10,10,5,2.5,2.5
2023-10-30,0.008422335993857806,0.008603147126731873,0.0069358998419089685,50,20,10,10,5,2.5,2.5
2023-10-31,0.008586391784119855,0.008747696425644533,0.00545751659216288,50,20,10,10,5,2.5,2.5
2023-01-11,0.008814181657966793,0.008911267924730803,0.01126448602196108,50,20,10,10,5,2.5,2.5
2023-02-11,0.009149172596459754,0.009147218510961258,0.01730918334643546,50,20,10,10,5,2.5,2.5
2023-03-11,0.009213891148765523,0.009296434360709396,0.008172316296817519,50,20,10,10,5,2.5,2.5
2023-06-11,0.009175175632740376,0.00927435275303925,0.0014376266741743888,50,20,10,10,5,2.5,2.5
2023-07-11,0.008991057738163204,0.008835545689917922,0.004172186936782751,50,20,10,10,5,2.5,2.5
2023-08-11,0.008854136632066816,0.008834928476839558,0.002232038770598247,50,20,10,10,5,2.5,2.5
2023-09-11,0.008893404014953426,0.008928422245617185,-0.009594271210501047,50,20,10,10,5,2.5,2.5
2023-10-11,0.009234849861971362,0.00932203633767166,0.014012921504940946,50,20,10,10,5,2.5,2.5
2023-11-13,0.009318692880981807,0.009326564902428858,0.0004164711598585748,50,20,10,10,5,2.5,2.5
2023-11-14,0.009410512378112147,0.009451428113191006,0.018149094173423957,50,20,10,10,5,2.5,2.5
2023-11-15,0.009444545458882445,0.009382377874116499,0.0015212667026567588,50,20,10,10,5,2.5,2.5
2023-11-16,0.009361143475386795,0.009364775643122252,0.002562643008036556,50,20,10,10,5,2.5,2.5
2023-11-17,0.009282929868185581,0.009178519692276116,0.000997887083115832,50,20,10,10,5,2.5,2.5
2023-11-20,0.009190632352123543,0.009199787069050417,0.006732516745789928,50,20,10,10,5,2.5,2.5
2023-11-21,0.009172736006435015,0.009196626885653512,-0.001116519718784546,50,20,10,10,5,2.5,2.5
2023-11-22,0.009171695969814098,0.009194181894243775,0.0022323729077718866,50,20,10,10,5,2.5,2.5
2023-11-24,0.00911793271964729,0.00908309186267152,-0.00037616521305295963,50,20,10,10,5,2.5,2.5
2023-11-27,0.009011080368021116,0.009023177102117941,0.00020147396543769753,50,20,10,10,5,2.5,2.5
2023-11-28,0.00895870595672518,0.008866704005477663,0.004938317589965199,50,20,10,10,5,2.5,2.5
2023-11-29,0.00879994898210177,0.008872845566683166,-0.0010415079310561817,50,20,10,10,5,2.5,2.5
2023-11-30,0.008628368319826123,0.008427500326562103,0.0017100656805254014,50,20,10,10,5,2.5,2.5
2023-01-12,0.008203195654826924,0.008220755370124597,0.003965867895930604,50,20,10,10,5,2.5,2.5
2023-04-12,0.00796977386604117,0.00786223519011057,-0.005250107500442522,50,20,10,10,5,2.5,2.5
2023-05-12,0.007850320191293218,0.007843737416571758,0.0026295706248873605,50,20,10,10,5,2.5,2.5
2023-06-12,0.007844740079497085,0.007883355034933745,-0.0038425462637197596,50,20,10,10,5,2.5,2.5
2023-07-12,0.007539816979907645,0.007281501611658217,0.005673805670649625,50,20,10,10,5,2.5,2.5
2023-08-12,0.006891388576738065,0.0067135743718156815,0.003729025401368892,50,20,10,10,5,2.5,2.5
2023-11-12,0.006535840464469984,0.00652445251914489,0.00040264874023286114,50,20,10,10,5,2.5,2.5
2023-12-12,0.006377567426575463,0.006346081399378686,0.003834173321280492,50,20,10,10,5,2.5,2.5
2023-12-13,0.00642178177184313,0.0065838896214456925,0.01072063029404756,50,20,10,10,5,2.5,2.5
2023-12-14,0.006340256228319718,0.006467181809050957,0.005533230619440452,50,20,10,10,5,2.5,2.5
2023-12-15,0.006044158316157615,0.005833219035605049,0.0018022652835648497,50,20,10,10,5,2.5,2.5
2023-12-18,0.005922400049117843,0.005716330778018696,0.002664063414323071,50,20,10,10,5,2.5,2.5
2023-12-19,0.005942724645950862,0.005739271975684956,0.006128705506082637,50,20,10,10,5,2.5,2.5
2023-12-20,0.00632294120743374,0.006589666161172631,-0.011201044400128308,50,20,10,10,5,2.5,2.5
2023-12-21,0.007128772750726202,0.006738971908551002,0.008019062402777525,50,20,10,10,5,2.5,2.5
2023-12-22,0.0064946817412408495,0.006429173364018581,0.00030327435641907825,50,20,10,10,5,2.5,2.5
2023-12-26,0.006135040448136173,0.005986975971455587,0.003911349281827066,50,20,10,10,5,2.5,2.5
2023-12-27,0.005865615175500014,0.005956225633075786,0.0032510178014259956,50,20,10,10,5,2.5,2.5
2023-12-28,0.005362385612590104,0.005119129174121686,-0.0013178185015779327,50,20,10,10,5,2.5,2.5
2023-12-29,0.005226221453940949,0.005196391458316674,-0.0028383472261472916,50,20,10,10,5,2.5,2.5
2024-02-01,0.00544635090591323,0.005377710850650219,-0.004349778498958831,50,20,10,10,5,2.5,2.5
2024-03-01,0.005605584812861857,0.005664354299828425,-0.006459500862026131,50,20,10,10,5,2.5,2.5
2024-04-01,0.005739422819334785,0.005613880577345632,-0.003234827651272528,50,20,10,10,5,2.5,2.5
2024-05-01,0.005711723722590151,0.005585842496482493,0.0007755237728773106,50,20,10,10,5,2.5,2.5
2024-08-01,0.0058849855092885815,0.006042035720355382,0.010280936671076948,50,20,10,10,5,2.5,2.5
2024-09-01,0.005949680721813138,0.00606434705984568,-0.002803792221796323,50,20,10,10,5,2.5,2.5
2024-10-01,0.006169748693328283,0.0060776983289972265,0.004166978319568949,50,20,10,10,5,2.5,2.5
2024-11-01,0.006068318844809684,0.006091573214982335,-0.0006804040159164096,50,20,10,10,5,2.5,2.5
2024-12-01,0.006079633715048138,0.006074870608597117,-0.0005051838621282204,50,20,10,10,5,2.5,2.5
2024-01-16,0.006089552215881644,0.006139439864555247,-0.0041840661131109045,50,20,10,10,5,2.5,2.5
2024-01-17,0.006214569352138635,0.0062108036264390916,-0.0054218246422001164,50,20,10,10,5,2.5,2.5
2024-01-18,0.006203120687858603,0.0062424354044305925,0.005416712286190679,50,20,10,10,5,2.5,2.5
2024-01-19,0.006442825872691955,0.006527099436720673,0.009579850397437865,50,20,10,10,5,2.5,2.5
2024-01-22,0.006383238573542584,0.006433025627084704,0.00026557662325633186,50,20,10,10,5,2.5,2.5
2024-01-23,0.006246232897135467,0.0063415861085096125,0.0014365430254126362,50,20,10,10,5,2.5,2.5
2024-01-24,0.006276590951584536,0.006332048315928264,0.0017854667899918784,50,20,10,10,5,2.5,2.5
2024-01-25,0.006346148672703874,0.006351569430392763,-0.0003635061782135825,50,20,10,10,5,2.5,2.5
2024-01-26,0.006263054693902165,0.0063472501776328984,-0.0010098404977301487,50,20,10,10,5,2.5,2.5
2024-01-29,0.006157197660615154,0.006048171172708891,0.008236540651434315,50,20,10,10,5,2.5,2.5
2024-01-30,0.006088707332422062,0.006056542248348033,0.001937948118821045,50,20,10,10,5,2.5,2.5
2024-01-31,0.006556802561882554,0.006859664078889203,-0.013144154381697297,50,20,10,10,5,2.5,2.5
2024-01-02,0.007129570499828636,0.007149492537642218,0.009176328226328228,50,20,10,10,5,2.5,2.5
2024-02-02,0.007292982764102018,0.007309361415854099,0.005383263158681438,50,20,10,10,5,2.5,2.5
2024-05-02,0.006838128257389799,0.006710720942055104,-0.006458300153451723,50,20,10,10,5,2.5,2.5
2024-06-02,0.006591037891191017,0.006515283203327021,0.003989489424914988,50,20,10,10,5,2.5,2.5
2024-07-02,0.006540571799069941,0.006632015569450903,0.006645931080558287,50,20,10,10,5,2.5,2.5
2024-08-02,0.006867603497205748,0.006616556487530925,0.00013162348036900958,50,20,10,10,5,2.5,2.5
2024-09-02,0.00674064549395828,0.006660821048784515,0.005078874346118345,50,20,10,10,5,2.5,2.5
2024-12-02,0.006768785176416122,0.006674015672131921,-0.0025647026990321077,50,20,10,10,5,2.5,2.5
2024-02-13,0.007076200141251189,0.007203415840924513,-0.013390761518467768,50,20,10,10,5,2.5,2.5
2024-02-14,0.007202041917834333,0.007233788454406618,0.008640671716147309,50,20,10,10,5,2.5,2.5
2024-02-15,0.007047438281836929,0.007024921531379225,0.008499556362189804,50,20,10,10,5,2.5,2.5
2024-02-16,0.0070865366531615535,0.00706767850247466,-0.004466488224688121,50,20,10,10,5,2.5,2.5
2024-02-20,0.007183432627083435,0.0072247827900502855,-0.004663684096664542,50,20,10,10,5,2.5,2.5
2024-02-21,0.006935191301033884,0.006854108219201103,0.0014015044011771948,50,20,10,10,5,2.5,2.5
2024-02-22,0.0075410936143982645,0.007686941010341917,0.015067544621891929,50,20,10,10,5,2.5,2.5
2024-02-23,0.007692878932309933,0.007666747489100835,-0.0007723505098815007,50,20,10,10,5,2.5,2.5
2024-02-26,0.007676758813320254,0.007726112933072069,-0.0015463378013250996,50,20,10,10,5,2.5,2.5
2024-02-27,0.007718068021446326,0.007722932344251824,0.0008508522171797532,50,20,10,10,5,2.5,2.5
2024-02-28,0.007698519055464377,0.0076789605977456935,0.0006045347957133764,50,20,10,10,5,2.5,2.5
2024-02-29,0.007591028386234846,0.007558712229134704,0.005200994286763348,50,20,10,10,5,2.5,2.5
2024-01-03,0.007582124875497195,0.007537168897474504,0.005330270621049602,50,20,10,10,5,2.5,2.5
2024-04-03,0.007451294022064201,0.007328339561577946,-0.005189064598595744,50,20,10,10,5,2.5,2.5
2024-05-03,0.007493402219184137,0.00765838570633697,-0.008464127446794496,50,20,10,10,5,2.5,2.5
2024-06-03,0.007534310149180921,0.007682765936885538,0.002192674066958768,50,20,10,10,5,2.5,2.5
2024-07-03,0.007762606465444216,0.007840781692075454,0.007128768254050281,50,20,10,10,5,2.5,2.5
2024-08-03,0.007877982675081203,0.007963094440778291,-0.004068225414907794,50,20,10,10,5,2.5,2.5
2024-11-03,0.007941362689031698,0.007968001514173643,-3.8178710436392426e-05,50,20,10,10,5,2.5,2.5
2024-12-03,0.008064596822063569,0.00808839046369391,0.008348336413105213,50,20,10,10,5,2.5,2.5
2024-03-13,0.00809416702894372,0.008104615213164275,-0.0029168640695595546,50,20,10,10,5,2.5,2.5
2024-03-14,0.007684022423238527,0.007430358484442688,-0.003491845798287444,50,20,10,10,5,2.5,2.5
