Branch,Revenue_Growth,Net_Profit_Margin,Customer_Satisfaction,Service_Efficiency,Employee_Training_Hours,Innovation_Score
B1,9.98,10.93,4.93,83.11,31,2.86
B2,9.99,14.76,4.88,93.96,26,3.77
B3,12.6,19.18,4.56,70.36,38,3.98
B4,12.61,11,4.67,87.4,15,3.71
B5,5.47,19.29,4.14,85.87,20,3.5
B6,11.57,19.46,4.61,89.36,18,3.77
B7,5.57,19.42,4.96,66.34,19,3.98
B8,6.7,19.09,3.53,87.19,25,3.22
B9,9.42,21.45,3.65,93.08,44,4.83
B10,10.42,10.05,4.7,85.87,23,2.74
B11,11.91,15.04,3.98,61.05,49,3.76
B12,9.81,16.74,3.61,67.59,24,4.26
B13,11.39,15.82,4.01,87.24,12,4.52
B14,9.4,11.78,4.16,78.22,26,2.62
B15,7.6,13.39,4.46,90.19,12,3.86
B16,13.94,14,3.83,69.79,41,4.78
B17,8.55,21.22,3.85,62.25,20,2.63
B18,12.77,24,4.51,84.24,48,3.15
B19,11.42,23.34,4.72,85.65,44,4.75
B20,6.21,19.6,4.76,75.51,16,3.85
