ZIP,TransactionAmount,TransactionHour
7562,109.9342831,16.80238137
35295,97.23471398,12.87867837
58508,112.9537708,11.58318647
31183,130.4605971,9.972571215
95405,95.31693251,9.393720647
20453,95.31726086,9.831728114
97287,131.5842563,13.5342533
34669,115.3486946,14.01745005
14911,90.61051228,9.837618596
49789,110.8512009,14.79007663
25194,90.73164614,12.0338779
48498,90.68540493,13.29358602
84563,104.8392454,16.22444126
58040,61.73439511,14.79367863
79435,65.50164335,12.4629387
42293,88.75424942,11.21761555
36772,79.74337759,8.696369197
5143,106.2849467,11.56169336
93418,81.83951849,12.57773952
83346,71.75392597,11.02564095
31604,129.3129754,12.73748607
81640,95.48447399,13.15370377
65336,101.3505641,12.55028804
98492,71.50503628,11.69999484
64551,89.11234551,13.33730934
96415,102.2184518,13.8838813
22656,76.98012845,10.81920185
67354,107.5139604,15.82186476
89832,87.9872262,12.80282374
83531,94.166125,13.03769925
69679,87.96586776,14.41642885
34784,137.0455637,13.46643226
5700,99.73005551,14.90627327
96497,78.84578142,13.57424833
89478,116.4508982,11.77512525
77899,75.583127,13.72300705
12342,104.1772719,10.71254759
89305,60.80659752,13.21711941
85681,73.43627902,12.93354002
98939,103.9372247,12.58376629
63839,114.7693316,12.74292498
28716,103.4273656,9.236301909
50915,97.68703435,11.90255018
8004,93.97792609,13.1856898
53582,70.42956019,13.31971278
96731,85.60311583,10.94464972
85047,90.78722458,15.53141568
58255,121.1424445,11.2676503
28823,106.8723658,14.9389144
67193,64.73919689,13.85438872
44828,106.4816794,11.70754538
55078,92.29835439,16.55062179
14731,86.46155999,10.61272634
59033,112.2335258,14.83830835
9820,120.6199904,15.00116464
29231,118.6256024,11.65875958
43613,83.21564954,15.7849306
43246,93.81575248,12.49990697
65445,106.6252686,13.57738726
24229,119.5109025,13.52064368
42793,90.41651524,12.73138252
63876,96.28682047,14.62161655
11479,77.87330052,14.58697744
21202,76.07586752,9.502936054
27579,116.2505164,15.60868049
24812,127.1248006,9.675016024
39126,98.55979757,15.06509241
99861,120.070658,15.25341027
9394,107.2327205,10.81806714
88396,87.09760491,12.17837142
50193,107.2279121,10.78859066
81856,130.7607313,12.57015794
44632,99.28347922,12.38393143
18032,131.2928731,14.55932106
7832,47.60509792,15.62061749
85831,116.4380501,15.79136762
69185,101.7409414,11.87566395
8105,94.01985299,12.58155625
5599,101.8352155,9.633123616
88007,60.24862171,11.38825987
13677,95.60656224,14.92970327
4248,107.1422514,16.23116565
11634,129.5578809,10.53130226
23785,89.63459563,11.81507148
61212,83.83012794,12.94718849
81643,89.96485913,13.56032232
41752,118.3080424,11.38079296
41841,106.5750222,13.84812209
11779,89.40479592,12.05232131
78337,110.2653487,12.97109546
48979,101.941551,14.0925685
40263,119.3728998,13.01284454
89729,85.95893812,12.12722822
92054,93.44675707,12.78078039
61990,92.15783694,12.82327408
63489,70.72970104,12.25997794
40288,105.9224055,12.48240787
15202,105.2211054,16.19729434
78978,100.1022691,14.1218389
2126,95.30825733,12.40903936
84478,71.69258516,14.39390881
35241,91.58709354,12.33236102
97398,93.14570967,15.34624928
8449,83.95445462,13.73928438
11362,96.77428577,12.78539571
5930,108.0810171,13.89543385
82873,137.723718,9.858247696
73322,103.4915563,10.74646506
49502,105.1510078,10.61214999
87755,98.51108168,13.28588619
49986,61.62457569,16.46503
74958,99.46972249,17.46260029
67648,101.2046042,14.2761022
97210,149.2648422,14.00168895
87418,96.1527807,9.397884532
25272,106.0309468,11.9146524
25604,99.30576461,11.4244325
44193,76.62643925,11.7583048
40022,122.8564563,12.66371236
57542,115.0386607,12.05581884
84751,115.8206389,9.041400379
99019,81.8122509,14.49582051
78087,128.0558862,10.85451395
37729,71.96297874,13.47849373
40726,111.7371419,17.14816534
15585,143.8091125,11.16123082
91538,80.1892735,7.939424955
46481,88.67404541,12.42799156
33133,101.9930273,15.20191927
72066,89.93048692,16.91669491
25327,68.98673138,10.54090081
32709,101.3712595,13.99339845
61478,78.75392573,12.06937909
54975,109.4718486,12.78810329
21734,81.61151532,18.28868669
93913,130.9986881,9.994059343
88920,84.33493415,13.50747932
63453,93.55876968,13.93538634
88878,116.2703443,15.17157265
85386,75.38271367,13.19596631
98691,104.5491987,13.61610108
56361,126.1428551,12.21670287
88979,67.85033531,13.53825388
3596,103.6926772,12.31361545
27120,105.1976559,14.24314378
97452,115.6364574,12.26077933
47850,75.26098578,13.75420079
60148,73.59086774,12.94147437
59061,110.4388313,15.2521005
62989,105.9396935,12.89721255
38461,105.009857,9.453935064
80576,106.9289642,15.523843
14221,86.39950557,11.1885354
55165,104.6450739,11.69246732
82558,105.8614495,11.80867741
65695,85.71297164,15.74887619
95492,137.3154902,8.728651572
29661,109.4766584,19.27549707
44267,76.17393006,15.11211362
79835,113.1310722,13.44647783
63358,80.5063666,12.890212
74152,115.7416921,13.57110815
22487,123.1719116,14.04224486
39185,83.58635363,14.29043117
97708,119.2675226,14.11120893
48871,108.2556185,13.17916136
36634,116.4412032,12.60532316
50210,137.9358597,12.69745343
10220,95.09223768,12.61018344
34418,84.92527671,15.26754019
23244,82.20971141,14.18711344
56423,83.6837943,7.119222731
31592,98.45796581,14.31180155
29259,106.8230395,13.38947239
18719,105.533816,12.96258249
16141,116.543665,12.22296309
58611,100.2600378,15.24822544
30666,129.0706815,14.89505292
11592,94.70686334,11.45424466
28810,154.4033833,13.81410457
80016,112.513347,11.05668653
54303,82.85684887,10.24076367
29123,78.58215004,11.74656555
91191,109.6494483,14.72478694
93414,95.53074429,14.90625009
54386,114.2800099,14.02617084
42495,109.4647525,14.45019157
36064,98.54342175,14.03235657
75607,83.06412564,11.71703681
750,69.70305551,13.86384509
66798,91.06970096,14.60081905
60322,117.1279759,14.50858266
43153,104.2818749,15.37782674
56453,75.08522443,14.41660769
91351,103.4636185,13.70289642
63677,107.7063476,15.14030048
4988,82.32285128,12.94695748
56858,103.0745021,11.2362507
45677,101.1641744,12.67386607
40134,77.14059404,11.51019471
56428,107.1557472,11.64964345
75900,111.2156905,12.71096266
73353,121.6610249,11.41516016
14675,121.076041,12.38407694
29291,72.44661264,9.212770666
7633,81.2434992,13.42658741
43003,110.3007053,13.00241095
48006,110.275719,11.36582274
2716,110.3009537,14.31849134
62907,177.0546298,14.87514028
21165,111.4178102,9.784880271
55600,122.7113128,11.47455044
58623,119.0800353,11.4617153
57915,113.027825,11.1201938
31935,93.69461511,14.65894968
34951,115.1793844,12.61234772
20558,84.54349571,12.47097032
75347,95.26362787,8.992275271
73071,90.29272904,14.27083606
63109,101.6374828,10.52148321
10221,146.2931713,13.11986526
27111,62.65469615,13.55475388
22011,113.7252038,15.72131719
50530,67.74568258,10.3823592
58543,90.56136268,6.960975688
52598,121.7790119,13.36769909
54947,101.2856004,16.60102236
90968,78.44510444,15.47789271
9809,85.69392581,13.41931883
92158,113.591955,12.01672763
38879,85.39266737,14.61424519
94844,104.3291718,11.0529076
67631,100.9114368,13.95271554
77156,86.96799305,14.01094032
38913,142.8788818,15.12041981
64105,112.6783804,18.51932008
28258,59.49714827,13.78483193
43865,103.7290863,11.98207275
37358,86.7642707,12.94885138
38301,117.0486667,9.46184819
13642,84.14958523,11.61057374
7696,97.70527117,12.18143512
40764,110.0997456,11.9518232
73653,117.3151039,13.30470974
83635,75.99407186,11.35516014
99927,93.30997528,15.24206133
72219,90.50109378,13.00041413
52019,86.93341535,12.98139936
29873,135.3090848,12.34421057
19459,108.0996342,13.31038137
6158,74.78232091,14.65019653
37856,118.3572389,11.26573957
19516,142.4431239,11.68376702
12418,120.6493052,12.39254794
61676,69.61260068,10.30825815
29933,90.31531854,11.36148428
33579,125.338223,12.04755825
31200,85.84661069,14.74877836
75128,108.8763886,13.52512266
68962,115.4926811,13.38717982
91911,81.46139057,14.70179592
13270,98.80949288,12.72525642
56730,35.1746532,13.7809297
68730,79.51224717,12.79355649
58884,94.94863697,13.5307247
75153,75.04433636,11.83448268
80779,132.6482261,8.122365683
37373,71.39717244,12.73144168
92552,91.19911027,15.84549627
85900,102.6148115,14.8524308
45093,128.8254658,14.93079497
27660,71.28275698,15.47226144
68870,123.263275,13.17731518
50693,100.2046612,13.39463141
1303,80.36982698,11.76469621
26645,109.2420695,12.36785429
94350,103.9811939,14.2315423
10162,87.99566246,15.40776887
18685,101.3960417,12.72110745
17719,92.29372806,12.09962147
69172,102.2703469,13.00105592
26503,113.2426135,14.2024135
86420,131.7203363,10.11229037
8606,75.24369002,8.407638094
91329,142.6606675,11.8989263
32795,60.95824401,10.55857515
63158,96.9642981,11.9837196
11526,111.7663441,12.70443936
96690,105.6198374,12.09350318
24220,87.5460096,15.90493507
38772,95.83755499,13.65348953
24135,90.13998131,13.60094872
88196,88.21270486,14.24441429
26823,116.9920419,10.72233376
86530,107.1403097,15.07822357
8116,86.14180809,12.84847143
34821,117.9919975,14.34096123
51885,106.1459904,10.85628553
73454,116.2572424,9.892482468
68536,112.5925768,14.63577932
37682,83.42009978,13.75281905
35756,88.7963792,11.19589689
81662,114.9458721,11.26067384
87174,112.2074053,15.25086957
96096,99.58196812,10.62117621
23731,102.3465477,16.28534591
10777,125.5532979,11.19875853
78320,88.16857222,14.27678385
22598,110.9419476,12.34276305
21865,95.95614695,14.20637486
90806,95.64637594,11.911772
20286,121.975537,12.67441419
4664,116.508327,13.08183835
71292,116.2701927,10.99562509
95288,126.1095761,14.48164869
31418,100.4200768,11.97357287
86789,113.6390594,12.54280017
43073,93.79466487,11.01130125
77285,106.483327,7.875332682
59576,97.39713891,12.61794447
72045,101.9399193,17.82523084
32895,111.9031405,14.56920858
48201,83.63558634,12.96147924
10318,141.8477455,12.47421834
82191,79.87965237,13.04493179
77398,75.71622774,14.09423823
27624,123.1622175,10.63837437
87830,115.8332539,15.22864339
27046,112.4823963,14.43076263
20034,112.5669102,14.43637145
55881,99.75506454,13.87695148
94177,82.05491257,13.03923332
9875,101.5160912,14.34572247
9156,86.45676577,14.18362827
85178,119.5023947,12.29191858
31796,97.05885237,11.85279645
75746,83.49005606,13.20371259
68174,93.57228317,16.0980403
84951,108.2586291,10.52178585
48043,88.72550894,10.06494947
50842,83.55559209,13.32952168
20404,104.8737442,13.1017754
72265,104.8993314,13.34668333
68810,89.86113649,13.4879064
76507,90.57923389,12.55359549
36296,104.6409987,15.97972688
18101,71.03831317,9.798192043
98867,71.85072451,11.34300595
45245,85.63111557,12.79349048
29183,95.73105697,9.713622378
3446,106.2181513,12.64829119
60700,129.5071243,16.32294033
67427,117.1531925,13.04177298
6842,96.8012294,13.46140181
6161,99.61967584,10.47967047
31642,79.94941271,11.76727718
62503,99.62973728,12.24960724
27334,94.22682722,12.36456981
71222,106.4543712,15.56328759
28931,83.45538113,14.11538212
84150,110.3869303,10.77708409
24076,130.6547783,13.49300956
42468,97.82479703,13.9964435
57369,108.0342344,15.28029808
95677,113.8028798,16.16108137
83383,91.97559056,10.96981162
9653,104.4818496,11.37828498
94753,100.251848,10.48484428
50090,101.953522,12.53196028
65450,84.53980432,13.93271675
90317,100.4902035,14.97466903
97071,109.9599658,12.84809795
85661,129.0228722,12.36030495
12933,119.1854165,13.30351598
89521,143.0636492,11.3297142
27080,84.65304874,17.17907744
74981,117.4464127,9.784677946
97912,103.6668401,13.36948116
87051,143.7960587,17.04721244
16528,83.83403429,13.01359969
30338,83.20556316,12.61992193
31103,88.01214709,12.28510915
76194,57.52208551,12.63921664
29484,89.48489957,15.74569695
85448,84.81734677,8.576276177
5894,103.0078757,16.0668674
55106,106.8351195,10.1520857
5150,137.5234168,12.46669534
35719,119.0084768,12.14151116
96973,88.46192689,14.17710654
27578,82.03170657,9.803751296
48390,109.8383834,13.92434533
73160,73.59533586,17.04861925
94956,136.6291753,10.27365199
9065,123.5888024,13.37941234
33412,90.61648696,11.67603564
81604,65.73730942,13.85177441
3502,127.0774475,13.03829555
86438,97.70920309,11.71702618
12757,124.7563262,13.97574457
63766,68.11144682,16.60869622
38984,88.01249954,12.61819242
66617,100.104874,14.43951588
49727,100.9396119,10.41345408
82576,90.99869057,11.08712725
1488,112.4569986,13.94481256
8149,78.64759141,15.96823206
86384,97.1524103,13.7112267
65512,102.4059126,12.37388394
58398,110.2887767,12.99858281
59773,114.2322976,10.49918453
83396,77.50715816,14.20903065
40027,69.31771659,14.76466612
50304,125.5535364,12.09581933
87696,106.6462802,12.0599157
27247,85.03026927,13.53175646
92682,131.0230395,12.12656053
45045,102.3134927,12.86773477
53657,123.5859437,17.19944358
41433,101.3503696,12.5059486
53406,141.2149585,12.2833197
21556,135.1068168,11.70491639
6433,95.02071703,14.48838394
76752,119.431419,12.63755165
77850,112.907519,11.70125392
35314,127.3726312,15.64260806
92647,80.70153079,15.83920601
92065,113.7210292,11.79915287
24294,121.1684897,9.266920097
12494,64.82521027,15.01502738
50271,76.33482975,11.63074035
1234,59.21535644,14.5812512
30990,94.61186331,9.059792365
15756,114.3508451,14.78519468
64894,130.047141,10.57765614
29719,101.4818956,14.46152824
10427,132.5723109,13.02854614
46701,72.39797084,11.09212116
22885,65.93235121,12.18592737
10754,98.88904602,14.37263691
99231,107.681309,13.21178891
60405,99.34610504,14.16882596
64234,58.651158,16.95288117
48921,98.21759921,9.871516777
25835,73.91060999,16.23442515
52822,113.393451,13.20871188
59062,107.3319649,11.2024319
27653,81.20240427,10.33937275
1709,89.72266165,12.62175922
64083,78.81572956,14.84330022
18994,98.74641805,12.74490176
51070,119.1028464,16.02230986
97879,80.28547907,10.09764862
27765,110.0809303,12.9758221
68778,89.39484763,10.49521311
18920,84.14254335,13.72726377
93867,97.8593928,14.77377478
9824,79.29515355,12.15847641
68155,88.92701389,7.791572287
51963,76.04244215,13.39789629
94519,139.2945027,13.8734771
90976,100.705271,13.80858951
81000,86.00548984,15.47156438
34789,104.2795982,10.85789264
5402,97.75343901,14.36043221
8926,95.58060801,15.38501502
17351,112.283334,9.442824832
73374,115.1501542,13.63930365
87514,89.38997705,11.99164034
56766,88.48363519,12.83695465
38884,94.49896606,13.69535297
23276,53.96157671,12.02554287
25112,69.69617876,11.64858384
29298,127.3374853,13.06830483
80045,132.8993543,10.82550812
32567,95.01927921,10.82834974
17614,111.5311393,14.35874657
92700,106.2250031,10.70241193
54138,161.5776162,14.332625
3037,122.3914982,13.92518259
59921,97.44164817,9.548386542
7988,80.88919119,11.6448707
20553,67.87107359,15.38821881
93832,104.0692727,11.03766894
14906,84.87298509,12.07119148
85149,71.55492581,13.92412179
27580,87.06854232,14.56678102
38530,78.36903993,12.49692223
76656,133.7428327,11.80497961
40519,117.6327951,15.84473972
95316,99.84054717,16.47779933
53215,129.5988828,14.9577161
87435,101.5473662,13.17063629
29605,82.77431597,11.38346856
97704,130.4624815,11.33911119
88082,110.7782009,14.04502821
85319,79.25507691,13.83679644
62772,96.19322644,15.80319719
88644,82.48763493,14.30090019
22320,72.34400538,9.993839396
72778,118.523551,15.10389524
8290,138.1883328,11.00387875
57806,72.02864852,12.23205746
65600,111.2593847,13.50040041
62091,86.98714862,16.99133498
47264,90.25749232,19.21983711
55105,88.15212152,14.21344612
2101,82.72018461,12.63360676
77559,100.9704326,14.0690113
80308,83.38099767,14.77531085
50941,105.4091365,12.35866475
72205,98.99523781,16.59042271
770,95.22103906,13.46014152
93775,81.84872676,13.99548618
82212,88.46457339,14.3318485
65052,115.1078245,13.84317322
8391,110.0183438,14.677881
95252,80.4488951,11.76549363
9113,101.9866461,11.88339649
50804,115.0277425,10.79969153
31551,66.61189438,13.87900246
11547,110.8672038,14.55787301
82078,86.74752482,13.91554573
91467,111.4119734,16.34898487
70393,84.73481687,12.98880796
3884,63.90235799,14.33748331
58905,67.44915124,10.81659825
6722,100.9616989,12.2258006
94222,105.19445,14.39107552
69324,81.9136675,14.69820422
92086,112.7718492,12.4120661
36192,66.76959875,12.8568015
85215,98.67840403,9.964252507
74021,75.779676,12.2859416
6168,86.96327784,14.78076633
7935,100.9479734,14.15041003
78233,82.79173269,14.00133144
98895,92.30888912,13.09954737
4665,120.1258562,13.01412632
64982,88.46216261,11.67935772
91389,116.7138422,14.39765684
81557,77.40586291,13.84194589
92315,110.5960836,13.9840377
8066,128.8313724,11.94793031
34965,50.56711,8.69331416
47837,84.06209489,15.19430542
14004,111.5414425,12.04232509
7492,95.93909228,11.27444847
59348,107.4229175,14.38695782
90188,87.92029627,12.21597472
77858,101.7317957,15.11987277
90532,96.88645529,14.2340119
47989,123.3556412,14.36713865
13655,105.0884169,10.26808858
83532,106.7520532,15.42388797
55179,91.76246068,13.52250106
71782,90.24787552,12.26144572
99221,91.34883624,13.28677693
68779,107.8890428,9.447529534
75448,91.58031038,13.81730562
83860,105.7954971,10.94125698
50905,141.508016,10.29465943
7845,117.4224941,9.955281628
99559,93.47952936,15.22537675
91766,124.0242784,11.74147321
3790,91.83849254,16.06745542
21123,59.2375093,11.92839707
69256,79.83827378,9.585284085
82851,62.58416158,10.76695112
85557,92.96973032,15.47162324
94399,100.3683676,12.68820364
32321,133.5287462,11.90342541
84205,106.5385475,13.32003645
13405,95.61798942,14.00356547
26046,116.5881116,15.23479763
15746,55.77729382,15.89699846
65811,104.7122912,12.28046271
7288,115.4173039,10.34790463
54081,70.42827508,12.17306968
12649,122.8750809,13.52056101
28464,106.7699281,11.07248215
29861,91.69424172,11.08569817
50273,112.6556373,13.68757576
98624,145.4138572,12.9026953
25340,103.6373251,13.06559399
76198,104.9644117,11.48300933
21517,90.81278201,12.53919857
9707,83.00311261,11.15153371
38690,116.6067163,14.78039682
62020,82.87832348,15.07049867
65866,101.4313247,9.307624276
68876,90.44685106,11.14097828
39014,109.5795965,10.00694149
27679,106.6732421,11.69995213
32358,120.7507989,12.83312406
83426,89.79967202,10.10070956
74347,94.60250129,11.15628037
92514,80.42472568,10.99208526
93417,91.1141348,13.41453466
52746,107.5460099,13.13868867
97000,115.1397723,11.55652489
57950,81.55669352,13.35364174
10995,117.3921184,11.90663983
51049,127.1127572,12.45668978
59845,108.2686981,16.34690418
60727,137.5359163,15.6809221
17003,84.52421602,10.40083753
57749,75.10690593,14.65946484
35228,64.42559502,14.62279311
10104,129.9208862,10.70347342
34394,113.0873131,14.63755529
45224,98.88830658,16.07586384
72102,105.5993725,10.75491039
77592,77.49021905,11.16499436
68514,148.9150396,15.03532293
75069,102.5844236,13.54299062
43268,102.1878959,14.10295255
2556,114.5153325,13.68117843
11481,109.6201846,13.78139184
66707,104.4776805,10.34705574
95398,84.19051089,15.09463541
59569,109.4293671,15.33917998
5535,137.6404899,12.54121851
9094,126.9084009,12.9130461
30102,131.8637325,9.937784995
23665,89.77568647,14.02850951
78283,80.20790359,14.14411488
94214,97.4842616,12.87561797
31692,101.1144982,15.24870672
99498,121.8838304,12.33184554
85308,66.15070741,14.12921185
52368,130.5910064,10.96067132
51994,96.83984203,12.9528957
37441,91.4623786,12.65129148
13957,79.75791249,13.45061584
88808,66.90286656,12.26094614
35260,116.4634117,12.73705481
58035,101.4663593,14.65209434
91130,74.20078201,12.12647153
9530,74.09842456,9.786845799
36877,93.28430601,16.49916781
12058,133.3804305,15.76290816
23701,94.80817297,10.41547461
11282,69.93714094,14.37941561
74159,95.08513872,11.99405046
55274,94.54552861,13.52697443
59508,46.06226714,13.58844826
18238,98.91410267,12.5311844
72090,95.3813094,11.43246867
23744,113.9241273,11.6189179
87321,136.9791219,11.16761617
48116,122.5313006,11.33635558
8808,94.62222619,12.86564342
48542,77.86948183,11.56848002
5664,151.4671961,14.36410413
11334,101.1843687,15.97449231
9073,100.2785858,11.83989352
75193,99.51749826,13.478809
83709,103.9616952,13.99937022
67499,97.11279176,13.94400454
75010,88.52675986,13.15191054
52590,89.06282118,14.48536484
87595,99.3449346,13.96449791
50254,89.13150458,10.52467516
96659,85.74308435,14.73831213
93795,102.1286046,14.77458167
55136,94.90045565,11.47342779
9090,130.0798598,13.07587567
25954,46.98060383,14.36665799
45337,121.830137,12.58137236
99910,124.9217038,15.1459561
21696,58.53219535,17.72774499
76070,93.14624812,11.42802793
35669,92.57118268,10.23791079
99374,71.84976611,13.60763719
6550,84.44366625,14.44312501
11776,77.78848309,12.53826725
55043,135.0454089,15.90652133
36352,118.7135679,10.3227884
18013,125.4311019,14.38583725
66667,114.4334413,11.78827836
48084,77.41896458,16.43875581
7212,89.50959467,16.98503071
86956,109.7874912,11.46668682
73357,75.55744382,11.90088573
22130,114.2599686,14.71917577
81901,95.19349204,12.2257387
38154,92.50358385,12.90917756
15247,114.2191994,13.05077684
23057,108.8852662,9.160653688
97430,92.78067668,12.97232451
7978,123.1865961,11.62054445
13102,78.37873345,12.01375436
42737,112.3187121,15.88726401
94349,111.8620252,10.48698621
18629,93.80907121,14.62641037
31141,106.5226604,12.44207414
34356,74.97772847,12.44047966
44505,118.4805404,14.58074379
12416,96.30195727,13.68010259
20829,89.54553959,14.14122599
80347,120.9801845,14.93636932
53348,85.91312619,12.33738323
26301,71.83077407,11.77552653
19268,68.86741653,10.82969895
69329,112.120199,11.34917894
54071,74.39141295,18.89818885
5251,135.0958836,15.48935916
86552,58.36141184,10.29785127
22775,133.9291274,10.35508409
22998,104.2203493,13.96373212
33503,98.06573776,14.09452959
75109,89.10161826,14.09776767
34318,107.9827223,12.49008841
17860,99.24730595,12.74909148
20100,122.0660376,13.65575905
76221,102.284553,13.17178601
61962,103.0060352,8.561399255
53239,92.72775576,12.54040074
11362,98.86108753,11.29718713
57344,106.1560354,13.35042284
2227,65.79663215,18.97051801
91108,73.03629156,13.73496333
47125,114.8652819,12.37294063
16206,103.4173088,14.843603
27699,96.32033327,13.96537577
63081,100.3686787,13.84018898
69153,106.9516341,14.21370119
54729,89.20480639,17.11308713
60137,84.43390549,10.73822313
75550,103.9169051,13.94726415
49345,80.43254445,11.14723774
55390,108.1650551,14.11102529
57687,65.94832792,11.16262698
24883,120.5831127,12.16526637
73213,109.4519496,12.40982017
19652,105.1205947,14.95163344
52334,119.6538197,14.83690889
32509,133.3094889,10.50856525
56812,120.2874013,13.10986822
89002,63.18251537,11.58084029
14840,74.40846067,10.48299018
99213,87.50362845,12.5659659
78213,100.521821,12.38303442
69628,110.3531804,17.85343297
39694,85.48512374,13.86591965
56754,103.7353353,10.244765
75175,84.89234135,11.87045199
4414,87.76964394,15.04276659
47237,71.86677806,17.17688555
86753,81.53533508,9.828033376
95471,72.96630789,9.24015123
63705,80.48253494,16.74193035
69964,121.0728359,13.77922835
79306,81.01202222,11.26341454
80204,152.6476413,14.06925817
86923,109.866358,7.728504522
94032,103.6967225,13.00675101
20607,82.8328444,13.65564235
32504,114.0061976,14.84854028
91227,88.48724348,10.9722081
65143,102.4401963,13.17137432
4397,151.2016908,11.14915075
21135,98.07880201,13.51076751
57610,122.9854665,11.20930736
27799,85.9364715,12.18379832
76828,99.30023019,11.00836921
26717,135.4160127,14.30227248
85573,87.46065884,14.71690223
88995,136.2489712,12.53075886
5599,114.1550387,13.07647599
18792,88.75066448,10.10281717
18793,112.6481548,12.4006467
81482,119.451089,12.89959077
25323,112.4361992,18.24158618
27973,68.5955056,10.77606595
87251,85.45725648,15.92835448
67018,95.04962729,14.99371755
61642,98.51133142,13.56127281
25300,112.413442,16.51724097
83478,103.55402,13.74421095
42314,73.29311283,13.77831839
66919,107.603957,12.89375869
99606,112.2117149,15.44713776
83978,111.195809,15.19293847
36717,121.6156145,11.74864543
39697,116.6784431,10.36150561
32085,109.1836016,12.59403873
63206,98.59668577,11.39992287
28654,66.78078133,12.87295085
3418,108.5923644,15.47487627
78699,104.1537537,12.08539669
44373,105.4315767,12.91435324
71506,74.46502848,13.11604547
60998,78.37886919,14.69686176
32944,121.0630571,8.506221332
81726,99.20889692,11.78659941
63602,113.6300139,13.42256738
81071,100.5663675,15.40015791
60929,100.5951228,12.0161951
24106,118.7656761,9.246894588
48512,89.67910544,14.23942289
46868,101.9224155,11.72927522
68221,90.75449423,10.62066668
82534,91.31007545,11.75130922
42263,93.81655753,12.63094928
14723,104.4426754,11.79051067
53835,90.42502757,8.588867886
73856,125.1151225,14.79413239
69984,82.10785396,15.54975008
88955,96.26256712,14.30304398
69697,91.20537883,10.72462866
92366,128.9395577,12.59701693
68119,103.9310955,12.98695737
71576,120.6368908,14.19758878
2881,70.28879254,14.33668098
53630,105.3410053,11.5316524
45942,117.7926159,13.16399111
60184,101.6456798,13.91456081
55475,121.3096075,15.91164464
21581,89.654231,14.40901308
45522,128.1869488,14.57811337
80223,145.9779625,13.16765326
67601,92.74322879,15.82091829
16513,91.08994957,13.81952559
11487,129.0676895,11.27782418
98561,131.5914429,15.80673994
31402,89.54279946,14.39580655
11873,91.59626366,12.11391196
73334,94.36430782,12.04101407
65426,73.11098978,13.59315109
49550,81.62696107,13.92636959
10877,79.91718466,13.39458453
5408,84.6440487,13.62261735
54908,99.30630225,16.39991475
95557,104.6842947,15.1430863
56763,131.0100099,13.38127118
91566,80.03291919,14.88262116
68919,119.686448,10.93495219
81348,95.72022312,13.7958541
81564,99.01072581,16.6186127
89418,113.4963898,12.56390821
5914,77.54555957,11.30473214
93700,107.6481949,11.69582222
17284,103.3290442,10.82073393
80339,109.8490253,11.43047618
81267,105.7833729,12.2589838
93797,149.1060028,10.18886596
74671,87.24520031,13.03123667
59379,89.3800609,14.80455435
26028,87.53718947,11.18448764
34272,88.89045762,16.03856785
85347,87.25225745,14.02158418
26051,123.7803306,15.06116117
63998,128.410085,11.68433089
36880,88.58507413,14.70905045
79586,83.35288854,10.8161322
47872,109.4283111,14.780495
40261,88.95553911,13.34367868
33616,112.6586364,14.10650244
45761,104.0584604,10.64881079
14252,69.6851177,11.20986032
21429,130.950104,14.19445644
29547,135.9175535,11.10330399
16692,87.74422619,13.92641258
91291,92.2459688,10.26572439
93836,105.7173078,14.69634843
58674,106.6891358,10.53495337
24749,113.1708855,14.10459988
54153,140.2040908,14.25126187
84956,96.46105545,11.60645636
8970,84.03405511,14.16405313
7492,72.41361544,13.52088453
73843,85.3813992,11.92231629
35825,99.33746054,10.98289063
21579,135.8911573,9.074748617
29863,89.64777402,13.69930009
46169,104.475759,9.870394457
46763,99.67154208,13.1906884
41396,123.7678655,12.47310357
16957,150.5386485,14.35828555
68139,89.38262454,12.395909
94073,90.21121115,12.34110443
18037,120.8832175,14.46374141
72098,113.6378298,13.67011606
36262,136.9341465,13.63231191
16189,111.6785637,13.93853518
28493,92.81415818,9.928855754
99175,111.8130966,14.51357736
82831,122.1740716,14.22493759
48034,116.4096436,10.96663374
93305,110.1454806,12.51183905
95165,121.3334938,12.92138542
24578,123.3859118,12.73100643
99511,127.6431798,13.66771993
55725,112.9741978,15.86273356
5918,96.65763839,15.16353346
85083,102.9342737,10.37556161
96129,124.1301793,14.24413998
72941,83.66128658,15.65786664
83084,107.3734662,13.77361704
21840,92.13322375,15.18196085
95055,100.5748965,17.02454089
79649,125.5690373,15.04741909
20224,103.8219814,13.49861719
82264,100.928731,15.09017695
24598,72.80287718,13.28977567
2299,114.9250713,13.04780609
75231,112.9096836,12.29717153
80789,143.2650945,16.12682672
14489,93.8444353,11.36314267
26417,104.3830066,16.06473545
27976,104.9876737,13.99972825
92258,131.5490656,10.20138765
38838,98.09408935,13.73529859
45213,105.5804305,8.799946985
53008,112.1579302,14.25101603
68910,103.7321825,14.77046297
29300,91.07132771,11.81528809
23583,103.8817999,13.24709539
26852,121.472635,16.90831487
62584,79.46969401,11.98850659
83141,102.6593935,10.88218483
8787,85.9975837,15.9633268
19212,123.9009326,16.92517438
40565,69.5362619,13.00739134
94650,88.82156305,15.02292607
63876,107.5442375,15.68295183
63369,131.3104806,11.51503153
70998,98.68499478,12.02938833
87284,88.89600947,15.46174903
94823,137.6231414,16.37002856
6442,71.03972199,14.12576172
65284,56.02388087,11.24037129
78587,108.800289,16.97412222
24934,89.95891551,11.9380582
24955,79.57534366,12.32972444
21610,114.1671289,13.68467567
44486,104.8760143,16.10832084
23358,88.71842739,14.70795195
38053,74.39391203,13.829731
69310,117.4491466,13.92657706
3619,113.0040236,13.08702934
66351,98.01648272,14.11627903
40066,136.9327399,7.940879845
73645,78.59830467,12.40678508
49817,69.48949658,13.48264387
6532,86.1618386,10.69797183
2379,99.08827967,13.77264664
84060,104.866789,12.59105756
4926,95.17527884,16.5109514
7552,107.0411079,16.14603945
42949,74.96921152,12.06838886
88319,128.8752921,12.69832458
62371,98.35697643,12.85210487
31970,122.3459166,12.09668105
9735,106.8545069,13.39004997
57799,109.1350644,11.48343586
83009,111.3953456,10.73876933
15729,108.9541712,14.24542245
8721,112.8544552,14.25905917
49033,126.5830506,11.39136848
35629,103.9304234,14.79071086
24864,114.1800752,11.73684454
41972,98.20528611,13.50633048
90765,128.8023443,14.64068803
47521,86.47215396,12.93277487
41808,136.0188087,13.90948182
63208,99.19684099,11.96714071
61672,71.38449796,12.60706683
75134,102.5620883,12.58828114
68175,86.37896685,11.50684331
98775,116.812871,12.64645167
35893,86.94752041,9.902763402
57014,91.07633134,12.01769251
74266,62.20918538,12.43024901
69308,90.95387362,12.4876405
17616,51.52241347,12.51700511
59109,68.32194353,12.8764716
54263,115.2082931,13.95888304
38568,115.7160032,14.74903415
77938,108.5091512,11.70046955
88210,80.66047714,10.59359829
81024,99.04577288,10.91591118
62694,99.92794922,12.02559416
51427,76.83270622,12.29615736
9757,130.067966,11.46000787
34262,117.5472458,10.40776667
26681,95.58071652,12.08775835
76238,100.5377168,13.36285324
93119,104.1676562,14.19005893
8856,59.16530263,11.88515389
21819,95.05645235,12.17400436
82115,86.36031504,11.14660338
20530,79.9675998,12.93712166
81820,94.37799414,11.30314273
69632,135.9537305,14.14625563
65479,112.8168572,9.428267016
52868,88.5764202,12.28074066
7034,111.4516556,13.60221468
18384,127.9871087,13.36766903
67443,118.4926737,18.38606733
4814,101.1926074,13.69960005
65964,87.06126445,10.99189081
40084,113.9644663,12.80907151
33762,107.8697077,9.447507333
85420,117.9038644,12.8388005
77028,112.703436,11.33388789
57830,120.9910543,14.83078055
24923,89.29529577,11.90091945
76154,126.3478813,12.76646817
75038,103.9519921,11.72888432
63637,141.5052175,16.4777027
55351,86.21624364,12.35751447
42886,134.7192761,16.66511409
37256,103.9582157,14.62830352
33190,86.97163993,13.96413345
42522,90.32228332,13.73746629
30198,93.59305384,13.7875946
97228,108.4833189,9.144654841
15490,110.4567098,12.44223321
26088,88.52599992,14.69031594
30640,99.51290815,12.90220563
705,142.8454072,10.18962031
8663,134.5508634,12.8951911
64094,108.7264734,16.40821103
42238,100.7600696,15.49378343
55050,102.4006265,12.87599198
52453,112.2703595,14.90289855
23541,79.5441487,12.26698596
83350,94.85246925,9.592256826
35459,66.62831852,11.15106802
28190,107.9844625,16.12577754
58942,112.9439188,12.45201384
79333,90.33627075,12.51323204
76333,131.4797353,12.40032361
21229,75.48468674,16.80827318
57974,70.7125024,16.25191783
28986,104.4890364,17.43756047
56760,120.9419661,12.68190958
8723,133.6785538,13.59124898
64555,90.82231474,9.966714901
80143,121.5736167,15.95386885
90606,99.22983061,10.6644409
60884,96.547454,13.43355113
30012,117.6731987,10.80539494
99076,113.0464576,11.82226635
15925,68.47215686,11.32547514
28904,129.530807,11.78424948
37216,127.6018271,11.92175459
32358,87.48874597,11.90346241
24598,107.9160707,14.66666782
93899,109.8806037,10.79027441
22168,105.2134753,13.44108285
84276,88.99389692,15.4359183
7323,86.56753264,11.97360727
31401,99.48891858,11.56416222
18922,123.4545804,12.53895075
91602,110.8720031,15.35945042
29767,92.58771336,13.38821526
50053,115.4339742,11.93757141
30368,43.02914759,13.9677533
93780,122.975314,10.7954157
98190,65.20572442,14.36271902
35211,92.75118117,13.81721462
84160,77.60660211,12.38438306
70044,74.10637049,11.3228284
74264,123.2165357,11.22663816
89249,90.64597597,14.06963467
17676,106.9300776,15.457961
6631,99.06158842,11.72538451
61418,109.5408165,13.91677341
26272,101.5364378,8.825945963
78998,74.34015552,11.83076454
20932,119.9253364,12.93788213
68940,90.12486834,11.18063317
14019,68.86836203,11.12698725
51958,91.43769678,11.66444089
75241,130.0151958,13.58438546
98019,117.0044348,12.62534196
90454,93.02695731,8.523537533
95868,93.01484591,8.758599695
39788,93.56729898,11.78626964
52639,141.5349597,13.91537317
10488,107.638709,7.504990315
36205,108.6008329,12.00053965
57451,120.6056691,11.94750429
33267,104.7757832,15.77667556
75678,94.81915708,12.22995638
49835,96.07300302,13.76597797
94004,98.56797481,13.28251428
32368,99.25555527,8.73886704
90521,114.5525909,14.53641443
73370,101.0389177,13.43079301
10675,114.6528015,14.01653728
28787,98.3856684,20.85247541
16759,101.5727038,8.831774121
37698,60.03598631,16.4493933
31341,118.3265535,12.42510496
62919,106.9297695,13.57465781
83313,119.9602022,12.90897551
7977,42.07489244,12.15152733
86194,141.7674941,11.86033414
50551,97.20820744,13.65901747
43922,122.1636563,9.965652607
94077,79.20188146,14.50115834
3341,112.2554781,12.16761119
61108,78.93168874,10.73986132
73717,87.52462079,12.09997428
16508,138.2806271,15.51429843
24140,96.18635198,11.92932983
99336,104.3486575,13.71690724
3294,117.4013546,11.53808745
53007,109.9136378,14.5158437
25476,103.0083781,14.37101548
99089,107.29922,16.69721767
57247,148.0683117,12.64887211
94064,98.84762406,14.33730961
43008,104.0219809,13.19613508
56096,121.0130879,15.59174356
8026,122.1105187,11.56233522
40829,123.7406061,14.49001063
89584,112.7746044,12.61060541
28576,77.13990175,12.87162365
44608,132.6686306,13.18350497
53471,77.07309214,13.50448079
16692,106.0527093,12.76754191
88179,84.914483,13.42942637
54674,98.71723307,16.15623612
70229,106.5752482,14.97089937
44421,106.4271443,14.73830918
17086,108.4384151,12.08892095
30658,132.2742254,11.22151834
50514,109.070686,14.91060112
69010,95.11686729,14.75209359
52474,119.2817434,15.94534135
13615,123.7894098,11.79203875
51749,75.4478437,12.54090269
37929,111.9480014,9.721031675
84449,114.0234548,12.21505779
22408,94.04872993,14.99314102
56988,127.5141363,12.06700924
69120,96.99888826,14.28095959
54673,102.5115291,12.61899379
18110,96.53856351,13.64811406
15164,100.311581,10.70461722
12267,78.07449826,13.1704189
2605,71.19898235,7.017728058
99362,131.8901013,12.62620768
22409,83.06077303,9.739053513
36218,80.17215301,15.41198903
33430,56.93219773,14.55481471
90225,87.22076505,13.93334196
85000,73.53820413,16.04201245
18831,132.8403032,11.10216696
12476,120.1963418,16.4947264
72658,86.2369931,14.86438313
92823,145.0487161,12.52688943
89737,119.6353097,15.27124029
27010,93.50337233,10.78741298
67299,50.0118857,11.35097168
54305,145.8188515,11.78282055
56990,72.20855066,11.94204458
73377,67.09202506,10.88688471
34525,120.4514086,15.44616613
65799,148.7950481,12.4822912
74903,127.6854564,13.70500994
82069,111.2781824,11.85929727
39292,111.8950868,9.358793399
44382,117.0683112,13.54011472
86270,115.1785718,9.175490049
46943,105.6238285,12.86273191
73819,102.0840221,10.26336992
8620,98.74813744,16.974552
70077,84.92070822,14.82272544
61009,94.38649846,13.21150758
18867,66.14086372,15.52741336
57320,98.03320746,11.30736805
2335,80.22817786,14.08695876
89122,77.92821366,13.39962087
32046,103.597883,13.52804016
72074,127.8400457,15.544707
59636,118.3663321,14.46498421
18551,68.58998793,13.57744733
21297,80.20743727,9.690225128
44559,118.8154238,11.07990741
63223,80.35025213,12.75458213
34851,95.507337,13.18674475
33852,111.001042,10.73959255
31904,80.6331109,17.82335335
51528,102.1075101,16.03278811
68045,73.3194901,14.20423664
68291,87.97264712,13.14407372
61545,106.3956387,12.57558206
88896,68.14012533,11.09616308
74211,108.8094948,13.15496104
66098,99.60724402,13.51550508
8103,111.0497991,10.51647885
63758,104.4782827,13.66835283
69291,127.2828086,12.6894819
18205,102.5044901,9.184384884
77095,91.41188918,11.27922998
78519,102.4459501,12.17278893
36437,110.8659606,16.77537531
47912,100.9772014,14.11310625
61811,100.8118338,10.32903686
14267,85.96016624,13.97207258
41212,86.74198165,9.905392022
62418,71.94789456,15.16538211
21375,134.9915349,12.0577507
90069,75.12273529,12.81272762
7447,86.14189604,15.6515933
9155,85.63185469,10.42567286
73478,117.8984875,10.20576363
50018,94.10100643,11.83280135
38701,124.9548415,15.0767577
45645,86.53018752,9.961307849
4824,105.5798832,7.335688804
93059,83.29305893,12.09768228
31178,142.9029826,14.1034816
98545,76.24803162,15.4005235
60781,106.1964142,12.07367728
40112,112.6755376,12.17714679
92576,108.2759819,15.30780147
6363,96.29424682,9.260516601
74286,97.40358601,12.22295845
90127,100.8762294,13.38084778
26135,97.05995997,13.89843744
12057,119.2775823,11.98038661
22497,144.21046,13.06888202
51628,88.8501643,8.023345293
57455,72.60394041,11.68350318
14751,98.23435903,13.90701743
58221,151.5941868,11.03541193
36865,83.92650864,13.11796844
57162,132.7823361,13.893745
92821,133.5540163,12.3149016
69601,88.92823517,13.34092754
53765,111.3796616,11.07453487
5142,132.5679325,12.58677744
52463,92.41744518,14.22043234
50901,95.9283928,13.31394592
81475,88.36638172,11.82693746
24536,79.70486539,13.44843281
43067,87.0144491,14.42921958
29476,75.52119466,8.900117443
96472,100.6816694,15.31814813
85067,84.60053538,12.32749052
67162,104.6757182,13.85097987
15868,68.88208708,15.39449385
61068,106.6176046,10.25665261
10199,116.6705792,11.581118
56352,60.12528715,12.42290261
47480,107.4811314,11.43249296
67070,124.5533798,16.46987315
35409,75.80717963,11.28645581
61427,133.4514477,11.88890644
30388,108.3803802,13.40877806
56876,85.89976288,10.59570095
7047,98.88461845,12.20863858
89665,111.1665383,13.63490652
7159,101.5201078,12.33427919
9277,110.7751198,12.81322628
98761,81.58652814,11.94133578
36599,103.3872165,9.971059382
96588,71.72571006,13.64318642
97832,97.77547877,16.50986614
55134,81.92184717,13.03680326
43418,85.28940115,13.45052823
78347,124.7218635,14.38544551
47660,121.8262024,10.46133901
91447,112.1827624,16.40502932
24807,78.15374471,13.40465759
79963,93.67183101,16.2637138
676,124.261954,11.53393401
69236,102.8343383,16.63612385
15323,146.3865908,14.55031099
47254,107.8663568,14.10608017
73030,103.8409823,13.46804891
86023,93.81767072,12.50294276
90418,102.6708181,15.40106332
11205,96.95060327,13.28071974
51588,114.1621735,9.065860593
99649,119.1340463,10.76562708
31036,84.28021079,12.6283085
12476,73.37534093,13.61999797
83073,63.27589254,12.88682302
14031,110.1598265,15.43794158
90209,77.93266788,9.097796272
4558,56.94218814,13.28717587
72334,107.7715721,9.364041549
53553,149.8599903,14.51942459
48538,99.87858177,12.81108257
12172,116.7698155,13.83921994
96198,101.6365872,11.27223408
80551,98.02220694,15.55892986
88339,118.3815297,15.08344933
37344,94.19450912,14.16708861
95398,105.3478463,12.74096551
4980,106.4339561,14.15971457
23748,86.63819093,11.58621486
45394,119.840847,14.71111132
5724,96.50080487,16.29896179
9095,84.88509681,15.14122112
93342,110.7301969,11.54079506
53711,82.03064036,13.72283463
28545,100.5636231,10.41371691
59742,99.81762007,14.14478062
21535,121.7179113,13.90120683
9808,109.4939647,9.260367321
53166,99.49946083,10.67643231
51456,116.355326,12.43372221
9766,127.804151,12.39828051
43554,111.1562061,10.58104613
77060,100.2070524,13.77795746
80062,73.76327535,13.50294722
96830,78.69772674,12.61146174
26523,93.89550591,11.488417
58951,87.80975596,15.09741425
62451,96.26057394,16.31081423
90070,101.1329985,12.03287703
56625,110.5938551,11.77566617
83215,98.59002444,13.98241533
11608,109.7300329,12.28394124
32026,101.2894883,12.7212056
24684,60.49066867,14.4793063
53429,81.21329212,9.181287825
47087,97.11824889,15.63660465
99136,75.80610514,13.14536105
16435,111.9985746,12.17701371
56698,130.6150166,12.82153169
45543,124.375237,12.92485871
30994,95.73114258,9.537597393
43451,129.8145227,15.98987645
33356,102.9733491,13.08265126
59347,93.25828058,13.88600426
93824,87.73194673,14.90309954
41031,93.95060627,10.95767508
25407,92.23646363,13.9469438
31468,103.4083244,12.46471782
96275,103.2114796,14.69354155
64766,100.0609204,8.745545159
37322,108.7387634,12.8018114
62621,123.8129255,11.79435869
25186,118.9910827,13.8645259
58804,70.30204063,13.94008837
45871,48.9215773,11.58474821
6380,118.6863982,11.57565227
85343,72.66242603,12.77866926
67153,95.50469196,11.20671555
64503,76.59773948,14.68396739
42673,63.96039125,12.2615856
62466,110.8292546,7.186023561
36221,115.1831032,12.25035589
37457,88.46979199,10.92291236
7139,48.17915416,9.737448369
40106,89.07511103,10.52514672
11795,107.8360801,13.21881694
65763,70.42176862,15.65728166
7259,103.6671984,13.62636895
70132,99.69380302,11.78699322
1264,111.58583,13.91180839
86111,102.3916074,12.08181938
62290,80.53862118,11.61079926
57274,123.93143,10.69127466
34998,96.82940854,9.496342386
61045,99.45390921,12.22015259
4882,81.33464082,13.31610698
1488,91.13435498,12.80675266
80741,82.30394572,12.16806614
54693,96.5410788,11.10850788
5611,134.2341696,14.21649238
54535,72.56197714,10.36573616
87228,67.72877204,14.55205583
85811,129.4234065,10.99556596
90535,95.81352646,11.49512953
63009,86.61854523,10.06642962
62217,120.7980937,11.99719571
3385,87.88768921,14.95062492
1886,136.5201943,14.03125618
74844,113.5585174,14.95684422
51205,90.24177184,14.04428509
13603,143.1461643,10.79266034
53936,87.88570154,12.33842155
31736,114.8419074,11.43960174
98382,105.9858516,15.66114981
22578,126.0348258,10.60642271
80934,131.2302239,14.78739538
66360,100.640083,14.78590774
63417,84.93164259,16.6592404
30266,109.1994429,12.18062681
18228,86.4456926,14.42464432
16131,140.267745,17.56330367
58165,102.7307066,11.76471665
56667,92.69356897,9.929919505
35093,103.6936061,9.239979932
29372,73.05747421,14.42542406
17574,80.56771923,9.233699584
44287,124.0082782,12.25536189
90723,86.86211442,13.87462637
68120,79.06178035,13.37035107
31242,110.7330551,13.85088973
8461,123.7140831,13.44457971
58349,114.3790662,15.55773163
20046,119.9209537,11.09536724
25453,84.86409823,11.64600972
3811,71.56378667,11.45468111
19107,130.026673,14.66038362
22787,93.54640322,14.80079718
23881,94.98333967,13.90245064
49602,126.5638828,15.36698733
40817,111.1246002,10.64391827
19484,109.1177554,16.33444822
77616,143.3000469,16.04647724
6990,87.12963539,14.47124399
68544,118.5568026,16.56359782
41340,101.1402625,9.686753585
63000,105.3718456,11.95110373
79543,130.5693685,11.52939308
91497,110.1567151,14.44295865
51176,110.7659216,10.89971852
90093,121.4501467,14.5149903
11093,92.70094541,15.74107229
99724,83.21580665,14.3904058
37781,79.10381612,13.56750205
65352,60.67286821,11.02425332
5652,141.1241426,11.30629807
14060,77.93583269,15.49923781
5260,95.57492753,14.55869801
51152,94.463734,12.92196096
10549,106.148134,12.16418091
47683,116.3147443,8.948384254
39786,117.2094698,10.85829516
18409,88.33845123,16.82283817
21679,96.65756572,10.43908886
19013,105.651599,13.37895964
81937,95.02617748,15.01488795
28321,132.1469115,10.49015466
87746,109.819499,13.36942095
18230,114.6975557,14.87583108
76043,113.2576254,13.02499864
81434,123.4694771,18.73680611
5673,103.6204312,9.662801482
80147,74.06336104,15.11745706
91867,107.993759,12.65439653
73428,86.97286212,14.54384031
13186,89.42766637,13.8826143
66769,111.7272804,11.53368761
31344,124.7656614,13.45799278
43818,100.4254315,9.284197097
48802,106.1766603,14.206495
31088,134.0442989,13.59631693
39246,104.8150636,14.27732034
90067,152.0336623,15.11623665
31294,111.3101929,13.73523968
23171,64.78474482,13.29617884
5299,115.0668324,11.23786333
46946,107.6231677,11.57555847
28426,125.7950551,15.37346924
59850,113.463627,15.87267081
6208,97.23088032,12.52377913
16547,75.51403527,13.09200549
10491,95.81953485,11.19077125
77074,82.98959092,15.34551369
61350,88.389531,14.33083365
62699,111.7715681,16.88243487
22210,133.3980901,11.24335385
68167,107.8934306,12.2439842
1674,76.08233876,13.46289185
37794,108.8920534,14.29297908
63988,123.9326297,12.56866472
72884,87.80434191,11.25407782
20465,97.31965667,14.76281506
14053,100.2937639,14.44227073
84151,84.30203374,11.1674518
19563,112.9656087,15.7108856
66163,97.58103703,15.34039742
47458,108.3906489,13.26859299
30831,82.25015644,13.15919572
12847,91.25083399,14.10811554
71210,114.4476272,11.27659386
41373,92.54333696,13.06006296
76157,134.539277,8.695232911
30316,92.00727629,14.75291129
78240,104.4936945,9.877013555
78810,118.6518166,16.00683966
65490,71.63268534,12.33975981
67554,64.78382376,12.57666604
42886,69.48687371,11.74453219
45102,125.2516821,12.42392225
25201,88.96283708,15.83706269
68617,151.1639857,8.024382687
73608,88.71504803,15.55393077
95628,103.6910261,13.67604696
74643,130.8421991,10.5859567
15041,140.1218578,10.84937521
92459,141.2300715,16.35278605
33699,124.1673246,11.10898624
11177,120.4812505,10.69329898
78476,111.850539,15.27462908
51737,115.5672215,13.67710575
45887,88.97628567,11.12414885
33139,83.63602233,13.43324995
57653,99.93251085,10.94849463
63314,96.59630755,15.2016428
29439,90.93543901,15.12274193
88060,113.9277489,14.0640124
52944,119.1061042,13.72332212
83038,101.7681377,16.52237625
16924,129.5506016,12.99937265
19637,77.16621772,10.63625175
90202,96.12681081,13.89894783
49439,85.66355359,17.1720941
44892,62.66926766,10.97048101
88777,98.34638628,12.27707447
64171,97.56504983,13.83289208
29395,130.2689949,12.8921903
41424,112.6162337,11.03539284
8770,79.51626351,15.24371571
69424,137.0818513,17.64008144
58800,124.4206739,13.39226292
1383,111.6419541,11.19186342
76522,95.47031802,9.90207895
95256,80.81121527,13.51595196
18367,92.55586448,15.20775469
55384,121.7749724,13.95033549
31948,137.6917261,12.99519232
83078,130.8648706,11.8214567
47947,90.22301156,10.81567273
36026,77.60765133,14.66950265
99612,102.8177249,14.82754324
29543,64.63121269,9.908540427
86390,106.4633543,16.17967796
53610,97.04794827,14.14814244
28298,90.67926996,15.79918929
91828,68.10593865,10.3157445
67476,110.2720021,10.26835169
57018,89.34598321,12.70206138
28501,76.60166329,14.00556885
17631,42.55475573,16.59272165
72188,99.4497019,14.41215783
59710,135.4450319,12.51463745
76242,133.2251843,10.94726158
29919,90.85807487,15.46000115
58709,87.95575879,11.07058915
33368,109.3754851,16.25693711
81338,80.03229122,12.4312307
941,106.035838,16.18116415
73305,115.3216056,14.35786258
4224,124.5386645,12.72600902
51799,97.99691847,11.96120726
23596,95.926525,12.31818425
48845,82.44034826,13.85663338
78025,83.46239292,13.15431299
10017,95.47042216,11.81237718
65258,107.3473101,12.66873718
83908,118.2716925,13.15715406
89817,83.93642099,8.742531811
86881,129.8537714,13.91633623
39985,94.57752798,11.04055755
4238,99.57265411,10.69333519
23446,85.05576642,9.625311306
99742,51.51519479,9.412215004
37191,117.6809079,10.28910499
12624,114.7368779,11.58195808
29942,94.37344886,16.90651828
79928,101.3398143,11.94824065
65578,110.3187844,13.35550021
20831,68.74908286,13.80096277
95519,89.41894645,13.26213037
58874,115.8852936,12.84511308
55827,74.91421154,10.60941247
3106,105.8711586,15.9018551
96999,72.86836391,16.61439329
48878,109.3285996,9.634682612
31476,99.28717035,10.95194282
16320,67.69736368,12.44037932
93890,123.2947871,11.07092441
70173,85.30816846,14.01193111
91459,83.79495126,11.5434556
37695,104.0113839,17.33011214
76999,122.972747,15.38109719
67310,79.68356362,13.42514806
44386,101.233597,15.05397253
13249,108.57633,15.21180085
7877,113.8621121,11.87210502
93517,103.5288311,11.36756551
10652,92.65944322,13.15628613
42768,83.44819559,14.72327225
19566,101.7228777,13.2781208
22129,78.55721976,9.846007036
74915,41.57299033,11.39435111
19439,108.7311961,12.85205427
54211,118.0786968,12.84866879
78509,52.74135129,16.94508435
99670,79.80538591,10.22802412
13184,112.3830852,14.01117848
58736,141.1499094,15.97822622
84407,100.4158742,17.54289949
28680,85.43994118,12.19120515
45390,96.34207118,13.98285891
98452,127.4975284,14.13952071
77595,87.08071642,13.39096346
59668,84.01615987,12.8023096
25297,90.34512956,13.87195078
97928,80.93342783,7.93550783
2499,102.4534063,14.36413898
59872,132.4935692,13.25235581
84350,106.4615855,12.55505021
41122,94.95292996,17.09372439
82754,94.16377462,11.65013196
28613,68.73618383,12.19384802
71094,117.6621955,16.9831066
99465,98.44325606,11.33587739
43092,96.39040173,11.89976943
60751,163.8621514,12.70594915
22321,105.9750582,14.68146896
43789,84.964179,13.41560501
80551,91.47284808,10.41474931
58087,122.9689142,11.93566287
53009,102.2654082,11.78529113
68428,71.23444043,12.84555791
32036,118.3845787,13.85168732
12129,86.63711829,13.83641151
16109,137.4659555,9.447976492
86483,121.6009613,15.12788198
74051,91.05356209,13.50513769
85871,125.6203272,15.7690641
23181,101.3571102,13.88839665
60468,117.0554735,15.20264592
14252,109.6946563,13.93309062
27367,83.0728669,15.69245151
77323,87.12900335,14.04450127
56752,120.5992164,12.80416951
32495,93.30449336,17.54486944
50057,91.92703074,14.77807424
30355,80.89754841,14.14748884
82543,108.4719813,10.44739117
65458,141.2504984,10.42338477
1038,78.64934171,13.58543096
72791,100.4843891,13.2910424
77929,128.2444111,11.77175487
99381,98.40717218,13.2819654
18950,109.0474359,16.17725386
19948,78.75212944,14.39080495
6067,108.5661419,10.71798298
54534,96.2571147,12.77698235
45743,119.7145999,11.39006704
52946,123.747721,12.22460017
85431,151.7912728,12.17276867
86891,111.5926635,12.04470883
98068,106.5159263,10.48972926
9145,103.887686,12.74469064
26361,92.93667414,11.87878473
87230,106.7696769,7.14110262
72824,94.0919718,17.10594405
87091,103.3692195,15.17753931
551,126.3519507,12.24739855
42818,79.86914869,13.0376381
7069,122.7975712,10.65669131
43809,126.3423013,16.39144576
44230,97.63862946,16.79457739
89356,57.56290202,13.31338746
91688,87.84356026,15.04706129
53784,125.9398909,13.35057356
64615,99.54263875,10.32654912
78871,80.01395535,12.17635326
75063,89.90450158,13.26385593
68135,116.8124005,12.09090456
19941,110.9346714,12.56269345
74868,95.22135802,12.81720088
99450,92.66351176,12.838243
93679,92.16483702,13.10451698
17782,81.55179631,10.87878987
73636,132.3075138,11.5659677
96968,93.55359062,10.43083147
23796,124.3431704,14.9556311
90040,130.426321,8.788706116
63015,119.966218,15.30718069
744,91.36759375,15.77269879
98784,108.0746018,12.39563883
72303,99.51608787,7.793725824
71574,81.92596279,12.27737888
29288,106.4871856,12.87163168
21057,76.41920418,10.97880356
30179,123.7535878,11.96956321
30562,90.70765405,16.0603904
72874,104.0231931,14.32985432
23200,105.6657574,11.15087177
63711,94.82190053,9.804801661
91473,111.733876,12.34596536
46565,90.50192687,12.57308644
33019,117.4259459,13.99239837
9330,73.0804064,11.92936657
72613,102.5275916,14.02299915
62337,138.77858,16.87030808
59717,79.99337351,14.63100204
41319,86.44510059,12.90382299
81023,110.278157,12.63369906
2560,103.5916356,12.28665373
62777,107.012602,15.36128182
7406,109.7837426,11.74537311
3811,112.6944294,13.09044542
73765,122.1939968,13.1023958
85961,108.1963731,11.99643161
71470,95.17484691,10.2550689
66716,113.451474,13.64594901
49350,137.9976387,12.87799206
24836,97.34732507,14.00048094
8032,80.50941391,11.93279939
3481,122.1416134,15.4416426
39614,97.59237672,11.24645244
68467,56.54660908,16.42408057
45997,116.9484335,9.50472698
66303,89.29343628,13.86954013
62329,98.18933435,13.95086137
18215,106.6396066,11.40888586
91708,103.8099936,13.84878788
31970,114.1890363,15.55903734
6474,91.29027259,8.566362321
52987,110.262116,14.00548961
31822,94.80906645,8.013458359
88378,114.7762096,11.06867039
67736,112.3073497,16.25833273
56881,81.29122596,11.83643593
35909,121.7196423,10.65224007
7456,89.2807311,12.60412454
91025,116.161156,17.13581268
45774,107.3457463,9.336635506
28283,136.7636735,10.89738018
62528,95.53068035,15.99486337
83550,93.01366408,16.71540469
1088,99.61160788,12.79313755
51328,93.93640434,10.52189459
46492,115.998838,17.191687
96580,67.67378783,16.18888478
22611,78.92635162,14.35789398
64491,78.64394157,11.3751953
12569,119.0061518,12.90194132
39976,134.2122675,12.67927984
23660,97.91101563,13.66170261
64180,96.62356554,15.90200288
36421,101.4010433,14.75883408
23365,123.2375661,10.84524785
60913,81.45293732,15.7529929
32757,104.7673797,13.62626428
13029,119.5039526,14.37413159
20436,110.0218834,15.93308172
51005,103.7916323,10.7768395
76663,120.0209219,12.92834884
86849,45.93535414,11.9370909
82638,113.5575064,9.864281149
27186,86.91848634,13.69341996
83266,63.38734206,18.0231131
83134,110.224052,9.319844511
28685,127.4731709,12.93543878
86856,97.25102971,14.28108587
44044,119.0574909,13.2461564
7531,132.2455652,12.77374389
79500,126.2982891,10.40156727
48309,132.7992906,13.46557349
39270,114.8425498,11.48647205
52130,101.5086728,8.62015659
37401,67.96068376,15.38918444
15306,95.07875024,14.91677164
58262,83.13506809,13.10332195
63687,143.4188543,13.45814938
24486,96.48228375,15.14863603
92310,102.4640961,13.44867931
7877,111.0297075,14.80803511
27810,100.8720489,12.4050356
8472,133.9010208,15.62396748
76293,87.54701277,13.64157145
39527,103.8921491,13.38810389
70456,85.15058829,10.45987782
79986,73.59954978,13.57391171
81211,87.76461818,11.33609017
21840,99.25926406,11.72343455
15816,91.41395551,11.36924874
14657,86.1515804,10.86753014
93823,71.87365073,17.24954281
61795,98.33788855,15.66267812
9791,69.90559252,16.840735
53158,115.2011193,10.55420996
83842,101.6487951,13.1425075
1807,70.84897001,10.41298475
50663,93.81581846,11.60861025
87880,84.95687189,11.16374603
68891,106.3834902,15.47916801
92999,126.8090089,12.20754064
60726,62.49655061,15.13675867
9421,102.3005216,14.20824178
16108,96.79734409,17.6072775
45505,113.4268015,10.04111155
94898,104.2639326,15.51846648
99948,84.96061337,15.29288174
65100,93.61892129,11.05324232
47622,84.07948286,15.01426667
84374,121.5201428,13.67228993
54391,100.426233,12.54504748
